point_index,x,y,z,s1_exe_effect,s1_exe_effect_normalized,s2_exe_effect,s2_exe_effect_normalized,s3_exe_effect,s3_exe_effect_normalized
0,0.434419,-2.585432,1.934566,0.015251382333157704,0.4081703345432153,-0.03802088118331737,-0.521419741464014,-0.004401551947070814,-0.46201047037081344
1,3.386174,0.840029,1.699955,0.01958730297915423,0.4708212666825735,-0.05852775813978539,-0.7488066458668309,-0.03451581046546082,-0.8352298799261799
2,3.301212,1.79498,1.412066,0.015363038660713535,0.40978368810103216,-0.05695298721032982,-0.7313450749239425,-0.032672210348762665,-0.8123813231008441
3,2.491566,0.497108,1.404295,0.011061057051449552,0.3476231506115781,-0.0692587533902036,-0.8677954024841228,-0.041086444322091964,-0.916662669874464
4,4.306793,0.585986,1.401205,0.014674158250735037,0.39982986206467563,-0.057313668600298406,-0.7353444271858575,-0.035588754298809366,-0.8485273504159108
5,4.679169,0.160874,-0.85379,0.005935499351480633,0.27356253145942233,-0.06071567715348891,-0.7730670016814295,-0.039243624387108156,-0.8938237821883698
6,3.372509,2.272609,-0.933369,0.010125944066088355,0.3341114411104851,-0.055995720473446475,-0.7207305907950448,-0.03164088696576117,-0.7995996733773616
7,2.257317,0.150396,-1.064909,0.007982718409957457,0.30314337317188733,-0.07369617918105487,-0.9169990192142969,-0.0428043131737299,-0.9379529831694216
8,4.247918,0.83631,-1.462618,0.01787882375065708,0.4461349716727909,-0.05447063378686812,-0.7038199348554224,-0.03275054378416886,-0.8133521442317343
9,2.974479,1.536612,-1.501752,0.013815073281965073,0.3874167026748594,-0.062165795411638136,-0.789146383365853,-0.0365973819337313,-0.861027721631656
10,3.168172,0.150369,-1.533771,0.010038383114218785,0.3328462483863739,-0.06909909236013023,-0.866025029186462,-0.04406490680687947,-0.9535760811502676
11,2.166173,1.481159,1.699935,-0.004657252926113298,0.1205048861989324,-0.06399570892610384,-0.8094370580630548,-0.038098127347589994,-0.8796271275214348
12,1.763008,2.350288,1.412795,-0.01786982017832006,-0.07040719958128716,-0.05733040235724429,-0.7355299765115315,-0.02840585146200736,-0.759506438477876
13,2.733717,2.584867,1.170593,-0.003948755195492648,0.1307421683971175,-0.05664454951006537,-0.7279250176420298,-0.03230629374236038,-0.8078463557296712
14,0.909804,2.268301,0.849561,-0.048019390314242294,-0.5060467849967996,-0.06597892244696757,-0.8314275729638027,0.0003115590031654847,-0.4035987885775548
15,3.30332,2.703296,0.348492,0.004320967151854926,0.2502337033894355,-0.05382844408270193,-0.6966991270805626,-0.029091406902423067,-0.7680028321889538
16,0.868728,2.592382,-0.098275,-0.047913299676540344,-0.5045138516509314,-0.056436034022562254,-0.7256129302713381,0.02942504116253364,-0.042782445881132
17,1.379611,2.643156,-0.977485,-0.026536325800918803,-0.19563196727811638,-0.05401154005285269,-0.6987293545964145,-0.01445717365323329,-0.5866342658926011
18,2.498272,2.724791,-1.122132,-0.008080699565247151,0.0710385466179424,-0.055936294909749495,-0.7200716608663124,-0.030899285389126785,-0.7904086749542129
19,1.214876,1.745466,-1.389238,-0.025685604279445773,-0.18333965368134653,-0.06472031386520927,-0.8174717126995427,-0.02616838303553415,-0.7317764963802762
20,1.716748,0.877659,-1.521058,-0.003413804550702615,0.13847182013223214,-0.06679088925507815,-0.840430924345197,-0.03680627551512439,-0.8636166327635646
21,0.953137,0.775225,1.699922,-0.010785435390586073,0.03195706093515871,-0.06102166573812884,-0.7764599023747711,-0.0281015905250821,-0.7557355972612256
22,-0.00459,0.838118,1.406696,-0.053914781220256724,-0.5912309398149309,-0.07981830715996363,-0.9848831603459314,-0.04010554543348599,-0.9045059533537675
23,-0.198831,0.090254,-1.043128,-0.02551892152019075,-0.180931207796035,-0.06990713547144756,-0.8749848733449122,-0.024814887940431962,-0.7150020292313792
24,0.06578,0.970531,-1.441211,-0.05661106311895514,-0.6301902723432851,-0.08118161861174134,-1.0,-0.04181280243981389,-0.9256647493265076
25,0.675506,0.099427,-1.530621,-0.0018570123996335397,0.16096634606452076,-0.0637927482076921,-0.8071865637740907,-0.029166844229780775,-0.7689377605637528
26,0.974153,-0.63725,1.699928,0.004491213658697202,0.2526936428620332,-0.06305432875660433,-0.7989987293471271,-0.03273143711346593,-0.8131153467574096
27,0.128943,-0.180979,1.409136,-0.005161596379738231,0.11321748634368833,-0.062443771580187324,-0.7922286733019721,-0.025268194807259725,-0.7206200629970632
28,1.893532,-0.352994,1.40071,0.007912465141000968,0.3021282640070033,-0.07166114607940521,-0.8944339119908186,-0.04175753085604761,-0.9249797439877294
29,0.472288,-1.45066,1.400617,0.018563349142239005,0.4560258708282596,-0.05561368220479146,-0.716494426533793,-0.01928105521947643,-0.6464187772335941
30,0.992607,-2.050563,-0.926655,0.017874892091586325,0.44607816202940764,-0.05627179444747776,-0.7237917885812517,-0.016421865393489554,-0.6109835651060938
31,0.400689,-1.366507,-1.420327,0.018816966726130868,0.45969046234988453,-0.055620448696631186,-0.7165694555904538,-0.019403041323404313,-0.647930605315103
32,1.40301,-1.290392,-1.503371,0.010056446429727917,0.33310725029267463,-0.06643472616657675,-0.8364816724757487,-0.0351627648403694,-0.8432478734512469
33,2.211978,-1.290331,1.699951,0.009508013055004483,0.3251827828155123,-0.06121832699428609,-0.7786405461826261,-0.03330603491723849,-0.8202365930907651
34,1.412811,-1.817087,1.403074,0.013106318540192063,0.37717570685053126,-0.06040150271837286,-0.7695833336224074,-0.027245372704359117,-0.7451241087098516
35,3.132597,-1.544374,1.401201,-0.00070393307067107,0.17762751232844365,-0.0626200615118635,-0.7941834332552465,-0.03677642386143232,-0.8632466679325062
36,2.390745,-2.234443,1.393805,0.011130281258788344,0.3486233905768523,-0.055043497895302274,-0.7101720379346401,-0.025870319033187705,-0.728082456532092
37,3.224693,-2.368292,0.81709,0.00465732756732784,0.2550938692653071,-0.05610622942707977,-0.7219559499235366,-0.028832010107900707,-0.7647880122579543
38,1.281764,-2.520894,0.699874,0.017346498316380465,0.4384432523398478,-0.05267527265753991,-0.6839123882138882,-0.012552506467255142,-0.5630288776969681
39,3.391,-2.435748,-0.387366,0.003291749670163213,0.23536225165711522,-0.056661160378792985,-0.7281092043432731,-0.02966094581822043,-0.7750613814719417
40,2.696541,-2.461168,-1.119027,0.009538683969326556,0.3256259554491301,-0.0543326070550032,-0.702289449674757,-0.025251530714939463,-0.7204135374838168
41,3.193523,-1.612095,-1.344002,-0.0011295403784443714,0.17147779310285305,-0.0624266441454604,-0.7920387587493474,-0.03665773394763727,-0.8617756910024346
42,2.694555,-0.742852,-1.538082,0.002039511874551536,0.21726831692894022,-0.0676861393783641,-0.8503577481434949,-0.04089766285761298,-0.9143230171592953
43,3.402387,-0.57821,1.699962,-0.005561555810388974,0.107438360479996,-0.06758658142213658,-0.8492538172268905,-0.044747241747687294,-0.9620325617762734
44,4.27242,-0.537384,-1.457462,-0.00693582918640212,0.08758109946184867,-0.06485873319443458,-0.819006551127104,-0.044269542190762845,-0.9561122185451316
45,4.441741,1.734192,1.683212,0.015395000580407547,0.4102455148329496,-0.04433542037203919,-0.5914374005108662,-0.025696488552283903,-0.7259280980109941
46,5.074333,2.470827,1.42603,0.014482245744932065,0.3970568645032795,-0.038946197576466446,-0.5316799498164606,-0.022562728319738046,-0.68709001262481
47,4.073167,2.584165,1.287094,0.010555868504940946,0.34032353977250174,-0.04315010011411813,-0.5782941849570417,-0.02482678785101511,-0.7151495101198391
48,5.061063,0.225122,0.849689,0.007512956896316592,0.29635565745574044,-0.05440409670010515,-0.7030821500518596,-0.03423309625667237,-0.8317260769016923
49,5.884335,2.479399,0.833586,0.015074497306901247,0.4056144732437945,-0.03772509505781141,-0.5181399689473661,-0.021832586241670615,-0.6780410368679789
50,6.324513,1.694987,0.350213,0.015118966966371161,0.4062570278118267,-0.039344686953472596,-0.5360985293040728,-0.022855634473041064,-0.6907201289540608
51,5.913764,0.544861,0.343565,0.011011135440299302,0.3469018192663309,-0.04594184314851235,-0.6092499374017749,-0.0278044450507422,-0.7520529411394599
52,5.631196,3.038601,0.029649,0.012370350381395223,0.36654149673967895,-0.0369375625663424,-0.5094075531957178,-0.021570149089504387,-0.6747885364314479
53,6.164634,2.303962,-0.440243,0.014613768248995296,0.39895727001103976,-0.03752849923468293,-0.5159600506821616,-0.021767947160119316,-0.677239935959715
54,5.249613,2.962356,-0.895624,0.012653951862673374,0.370639333994746,-0.037637129828006266,-0.5171645819421711,-0.021922429555117695,-0.6791545050404308
55,4.26094,2.790391,-1.188008,0.010420951900010689,0.33837409195044277,-0.041223603003246456,-0.5569325600098596,-0.023803341493305208,-0.7024654838768281
56,4.007944,1.807172,-1.560532,0.015771011981180028,0.4156786089037954,-0.047570735349498516,-0.6273116225610702,-0.02725071943455548,-0.7451903731169836
57,4.498708,-1.42867,1.683508,-0.004686976457632497,0.12007540256484628,-0.05315680712737869,-0.689251798631785,-0.034303305124019356,-0.8325962066444118
58,4.432053,-0.459484,1.446174,-0.004729135031198872,0.11946624152449425,-0.06225228152522311,-0.7901053694505533,-0.042024053437891506,-0.9282828769726643
59,5.177056,-2.12319,1.416402,-0.004163747772120807,0.12763568042639473,-0.048031785105901115,-0.6324238918308673,-0.030792787417628364,-0.7890887981916085
60,4.164769,-2.293731,1.278122,-0.0015840420815123046,0.1649105706647711,-0.050363498537552065,-0.6582786868005299,-0.030236466822363806,-0.7821940694384055
61,5.999007,-2.053701,0.812723,-0.00486849505817899,0.11745258945239456,-0.047035870726936935,-0.6213808701087571,-0.030748519873597946,-0.7885401708151313
62,6.370121,-1.238037,0.328413,-0.003979886968479729,0.1302923366875377,-0.04759256550883695,-0.6275536824498151,-0.03130167752312918,-0.7953956997740466
63,5.716067,-2.675822,0.045767,-0.0028300574208035556,0.14690654595121577,-0.04521025018857072,-0.6011377973232461,-0.028562001208043863,-0.7614416717821386
64,6.101109,-0.347771,-0.098787,0.0002976703444601547,0.19209996067684143,-0.04876575428849694,-0.6405623802370646,-0.031395935051206525,-0.7965638752731607
65,6.234082,-1.922701,-0.416729,-0.004270179312166,0.12609782128706404,-0.04605755038291148,-0.6105329367537913,-0.030070140750167784,-0.7801327163946056
66,5.341075,-2.608938,-0.893737,-0.002971535863278252,0.14486228430015258,-0.046173706560750816,-0.6118209141363161,-0.02907134580372084,-0.7677542060636217
67,4.101707,-2.431588,-1.127606,-0.0009625451717685252,0.1738907536284815,-0.05036866058243783,-0.6583359252288608,-0.02981228264200153,-0.7769369660884806
68,4.895051,-1.968208,-1.556023,-0.0038579675429697424,0.1320539846229416,-0.048887863696460254,-0.6419163689665128,-0.031157476015637453,-0.7936085463081828
69,1.962484,3.240877,0.987566,-0.014587720200405663,-0.02298321750708454,-0.044148876349794364,-0.5893689398748003,-0.019565520803341396,-0.649944285828935
70,2.702623,3.538225,0.373606,-0.0062280801652070394,0.09780756334778995,-0.04316349223451299,-0.5784426811325657,-0.021811960441164846,-0.677785412141849
71,1.306843,3.445877,0.232352,-0.02456066453171779,-0.16708508411009582,-0.03576493061293373,-0.496405029678585,-0.0034376571111223164,-0.4500644926431374
72,2.051193,3.701083,-0.405217,-0.012908996736312517,0.001273128126629386,-0.03776375511685126,-0.5185686442238484,-0.016131619904960814,-0.607386423579642
73,-0.335998,1.775968,1.518593,-0.07765711022634036,-0.9342905031314077,-0.06334738700069531,-0.8022482542296839,-0.02738632318813705,-0.7468709707918125
74,-1.13879,2.165996,1.050051,-0.07670431597149907,-0.920523312014119,0.007098615944553632,-0.02112011993230034,-0.0011472106908971824,-0.4216779706886753
75,-0.030295,2.618288,1.041939,-0.07259379411631395,-0.8611292301495592,-0.04095761987166879,-0.5539832527583848,0.02506924118627607,-0.09676581373617565
76,-0.795251,2.868092,0.409411,-0.06898347311695341,-0.8089626905840612,0.03964404722485293,0.33975418028374094,0.04647521067724769,0.16852789387750722
77,-0.046369,3.008099,-0.240367,-0.06397960376583889,-0.7366603804759759,-0.016450071348204087,-0.2822356041484977,0.062422388265674034,0.36616836375633377
78,-1.252294,2.561698,-0.433616,-0.07172350931146276,-0.8485542411905269,0.08675270367329002,0.8621102456722007,0.02271738231582443,-0.12591344752073275
79,-4.600928,1.436962,-1.181499,-0.02022453043562633,-0.10443106777051692,0.06550968508900468,0.6265607640857997,0.040729429285374597,0.09731786766352846
80,0.369716,2.493635,-1.018909,-0.06776952000216419,-0.7914219419346951,-0.056762354724467556,-0.7292312800769333,0.017125571778004556,-0.19521524440861393
81,-0.623785,2.36117,-1.21565,-0.07674325758489386,-0.9210859902957077,-0.024080962252668314,-0.36684939806188277,0.006818548872082886,-0.32295476689669356
82,-0.507433,-1.241117,1.524554,0.02129907708464973,0.4955551702931784,-0.048367332153876674,-0.6361445463548415,-0.010774951499489482,-0.5409988477987862
83,-1.114637,-1.84913,-1.154548,0.027660707729233458,0.5874761537128081,-0.03488212452382333,-0.48661618936823936,0.018308849619354195,-0.1805503554484965
84,-0.507847,-0.790602,-1.436619,0.013305746122915796,0.38005729186373416,-0.053497152064941655,-0.693025653712005,-0.016977347560647615,-0.6178679028465918
85,2.100761,-3.088895,0.938785,0.011800426756587878,0.3583065106184753,-0.04819518566271208,-0.6342357302141479,-0.016770168880296588,-0.615300245246593
86,2.935723,-3.252954,0.408251,0.007583234868196342,0.29737112356008333,-0.047783271080640066,-0.6296682876974465,-0.020479986550542506,-0.6612776668590734
87,1.538331,-3.314278,0.125875,0.0154519142521794,0.41106787642097165,-0.045214322317944866,-0.6011829504148007,-0.008188132747205312,-0.5089392516189675
88,2.376862,-3.473782,-0.419248,0.01025827594624662,0.3360235415201924,-0.045248091634835674,-0.6015573955557112,-0.015742903182780488,-0.6025688842253907
89,1.532293,-2.895747,-0.796059,0.015458096818580902,0.4111572100549774,-0.049575457305501835,-0.6495406299682746,-0.012478439429521426,-0.5621109319313895
90,4.715389,3.321755,1.000064,0.00914688850421097,0.3199647930106224,-0.0360362005677497,-0.4994129589412434,-0.02108897468842308,-0.6688251279100308
91,3.818043,3.545379,0.579617,0.0044917288847194925,0.2527010875071718,-0.03819999879544067,-0.5234058556554242,-0.021707134607829914,-0.6764862589317667
92,4.70312,3.874114,0.162883,0.006993499812896875,0.28884987652944827,-0.03299845386251121,-0.46572943798725575,-0.019464132783749033,-0.6486877389747217
93,3.532856,3.379362,-0.373884,0.00320892799065442,0.23416553800707085,-0.04221327466670033,-0.5679063604771699,-0.02335828884922453,-0.6969497483675704
94,6.31743,1.021731,-0.438515,0.013166022287379509,0.3780383830198839,-0.04112576511524546,-0.5558477017677644,-0.024350930665630433,-0.7092520002192221
95,5.69406,0.30165,-0.755244,0.008438760566129133,0.30973285404842943,-0.04844844901369205,-0.6370439964118859,-0.029950646206652554,-0.7786517673302742
96,6.391947,1.689126,-1.217338,0.01358384591217554,0.38407563362950636,-0.03627808800885868,-0.5020950853598319,-0.02124890071164076,-0.6708071622982058
97,5.67413,2.320769,-1.559665,0.014064546719851911,0.3910214142698587,-0.03620334863325558,-0.5012663509166759,-0.021059519592680154,-0.6684600777981425
98,6.039902,0.798114,-1.560461,0.011167283205214318,0.3491580420670033,-0.04019382963742135,-0.5455140988571201,-0.02417068681937895,-0.7070181580068068
99,5.118821,0.923869,-1.959156,0.011860891897334191,0.35918018837666743,-0.04278623502926937,-0.5742595308534615,-0.02566704205278869,-0.7255631544362298
100,5.307096,1.394135,2.076326,0.012631141884368535,0.37030974622791346,-0.03888613498245741,-0.5310139562889669,-0.022965798487276423,-0.692085440616045
101,6.103518,1.822069,1.644074,0.013414747382031411,0.38163228159383045,-0.03567908716316337,-0.49545316965874975,-0.020887028069753732,-0.6663223135792231
102,5.669321,0.572329,1.629749,0.010131441891727988,0.33419088073338976,-0.04327967836112867,-0.5797309905968384,-0.026350800652569895,-0.7340372791015576
103,4.848752,-2.974071,1.002744,-0.0010458731377762653,0.17268672450297573,-0.04379513662035883,-0.585446558996845,-0.026319012369115935,-0.7336433127558739
104,3.895776,-3.126843,0.684954,0.0018938240151542551,0.21516323223347777,-0.04614988580958679,-0.611556781919634,-0.025096188294638555,-0.7184883097267329
105,4.651446,-3.566874,0.197129,0.0004868926290861886,0.1948340864787761,-0.04087654032193955,-0.5530842164076795,-0.023371979137856158,-0.6971194182080753
106,3.892884,-3.306361,-0.409536,0.0022110684190108643,0.21974718550207895,-0.04508874730122159,-0.5997905338911316,-0.024156792635608326,-0.7068459612030913
107,5.337136,-1.01991,2.074823,-0.0027111351697497454,0.14862488687323228,-0.045809194143752396,-0.6077790822038571,-0.029661849009741115,-0.7750725751264645
108,6.175825,-1.355744,1.645224,-0.003963906999449485,0.13052323573690727,-0.0435443565354694,-0.5826658280591241,-0.02856738791941682,-0.7615084316937876
109,6.031041,-0.355509,1.524793,-9.576131972588442e-05,0.18641515633957728,-0.04528630561249525,-0.6019811245371341,-0.02931629271223679,-0.7707899421257567
110,6.499585,-1.012819,-0.771624,-0.0031602273082671495,0.14213582874885167,-0.045209015311297396,-0.6011241046034286,-0.029687860182967984,-0.775394943173735
111,5.947897,-1.933193,-1.383859,-0.004685531701451584,0.12009627825165858,-0.04499837599720147,-0.5987884675544777,-0.029388439314367965,-0.7716840870781347
112,6.105487,-0.350612,-1.424047,-6.918776982622887e-05,0.18679912500676266,-0.045267333417121414,-0.6017707546799911,-0.029309864883588777,-0.7707102791843209
113,5.179343,-0.343538,-1.83269,0.0002154482164100635,0.1909119101137906,-0.049015165442625186,-0.6433279320264056,-0.03164012694636753,-0.7995902541187345
114,5.788746,-1.125903,-1.97169,-0.0032266818543811304,0.14117560839454635,-0.04408238130093478,-0.588631621201148,-0.028729865002639965,-0.7635220825040769
115,-1.331475,0.81999,1.699891,-0.07227808882408349,-0.8565675159360324,-0.06265163888815017,-0.7945335734476431,-0.0461302430684829,-0.9791727127132928
116,-2.279718,0.676739,1.405448,-0.07348022534837817,-0.8739375233588782,-0.037748774608231006,-0.5184025354843865,-0.04207566855325462,-0.9289225660710424
117,-2.576111,0.189364,-0.969384,-0.030105982672798515,-0.24721093947342743,-0.010074207377047895,-0.2115379560194205,-0.0010677844988995489,-0.4206936065389657
118,-1.532867,1.91432,-1.29594,-0.07633277998439647,-0.9151548844491941,0.007357653262011432,-0.018247830121103092,-0.020862891514595194,-0.6660231785080584
119,-2.12776,0.925391,-1.501535,-0.08220470679644132,-1.0,-0.039455748213610864,-0.5373300125862677,-0.04781075136341828,-1.0
120,-1.118283,0.103827,-1.520821,-0.04958565206812837,-0.5286781398731377,-0.074555521605149,-0.9265276867950104,-0.04367165531542838,-0.948702340382036
121,-0.914549,1.175532,-1.610699,-0.07033436807503923,-0.8284821502920201,-0.05801303232199517,-0.7430991990151243,-0.03596677506979962,-0.853212330086338
122,-1.42995,-0.634748,1.699895,0.0011098871995431914,0.2038359095617075,-0.03927985451289473,-0.5353796461704208,-0.006253104566989354,-0.4849575861081872
123,-2.352734,-0.368866,1.407886,0.013042545402444983,0.37625423091692634,-0.01842861024641529,-0.30417428531676327,0.01059440786080268,-0.27615886582963767
124,-1.743602,-1.537364,1.399366,0.04244819244977727,0.8011446632124006,-0.016459294641310684,-0.28233787501462526,0.039323523942044414,0.07989385698074836
125,-2.360319,-0.699081,-1.423824,0.03950215699163895,0.7585765715342498,-0.013052238355773849,-0.24455932962524407,0.02342712855460416,-0.11711724647830135
126,-0.546933,-2.684092,1.671666,0.02022643864329776,0.48005631695017303,-0.031202434262826984,-0.44581459001279744,0.008335705027048945,-0.3041519753880154
127,-0.753008,-3.627599,1.378815,0.02039557666467129,0.4825002396056861,-0.02524139950928328,-0.3797167028248418,0.0144679079342529,-0.2281528553398583
128,-1.426647,-2.857545,1.223869,0.027025661668653722,0.5783001952728208,-0.020106132517096587,-0.32277519646509367,0.033840815788757084,0.011944214505417383
129,-0.203248,-4.26792,0.802099,0.017954286472778413,0.44722535368590277,-0.027462578435311524,-0.4043458553372644,0.0090793083766596,-0.29493616810139067
130,0.693109,-4.139376,0.353085,0.01645979900355954,0.42563108555657125,-0.033232343286721644,-0.4683228797998079,0.0015797271096662513,-0.3878818167770993
131,-1.057922,-4.243945,0.253283,0.02042905289352115,0.48298394701483605,-0.021225269747700448,-0.33518455314135187,0.021094370051563782,-0.14602816090803294
132,-0.098094,-4.45314,-0.182249,0.017338511167948933,0.43832784379452927,-0.026448822056111876,-0.393104995728356,0.00930839091473512,-0.29209704624329214
133,-1.08584,-4.055904,-0.733032,0.020911954652545806,0.48996152981782504,-0.021428251909196838,-0.3374352851981949,0.021018478539179597,-0.1469687182000211
134,-1.508058,-2.779702,-1.14338,0.028834444976162388,0.6044358120208262,-0.019209094598923393,-0.3128285490171011,0.03912211372399366,0.07739769050155676
135,-0.789081,-3.434036,-1.469093,0.020738586269865245,0.487456481486634,-0.025355608293596177,-0.38098308687618454,0.014810879562402679,-0.22390225529688745
136,-0.241558,-2.14299,-1.580223,0.02077781181180427,0.4880232623313021,-0.040792516169536164,-0.5521525293472541,-0.002030025573242611,-0.4326190884629828
137,-2.618456,1.586769,1.699805,-0.05524315954235082,-0.6104250503413204,0.027492680105277056,0.2050158795932968,-0.008878836034808657,-0.517499444891528
138,-3.197519,2.351759,1.411447,-0.04584307462173509,-0.4746005898522958,0.06825893390604643,0.6570453268628274,0.022928340029230387,-0.12329895468205165
139,-2.138823,2.420001,1.407234,-0.05908050030810319,-0.6658718621119013,0.05743135002370581,0.5369855641601151,0.0005413158701519372,-0.40075130946112203
140,-3.997928,2.011346,0.910473,-0.033322433130619,-0.29368633323981985,0.08230168542679461,0.8127559113842671,0.05008279407628713,0.21323828066285744
141,-4.152913,2.336222,-0.072659,-0.035697658366134366,-0.32800662809654535,0.09918828448646,1.0,0.0752097027325429,0.524647243527163
142,-3.768821,2.349115,-1.007013,-0.04028286747413601,-0.39425959906256625,0.08441556006053164,0.8361952390927943,0.0490080930257597,0.19991903219849827
143,-3.568775,1.45307,-1.405283,-0.03240683809368461,-0.2804566440435763,0.058659501160413186,0.5506037023928414,0.02828090159935126,-0.05696227673963028
144,-2.38855,2.443394,-1.456589,-0.055798349210137044,-0.6184471413897495,0.058421287804520716,0.5479623154230566,0.004532980983709134,-0.35128082703450647
145,-3.722425,0.765843,1.549942,-0.021047500865307267,-0.11632239806740452,0.04849612410143633,0.4379088804253044,0.02820655630944824,-0.05788367100819192
146,-4.559619,1.217876,1.231008,-0.019178984720995995,-0.08932368482604724,0.06304373182423495,0.5992174742972904,0.040815294435545546,0.09838203268783463
147,-4.829219,0.273151,0.965983,-0.0006749804065595555,0.17804585748339452,0.06295063019478642,0.5981851332265316,0.05886568607221854,0.3220885703988081
148,-5.061715,0.27591,-0.607736,0.002250875921260498,0.22032237525431353,0.06817831832298182,0.6561514351250166,0.06983606322799618,0.45804933736169695
149,-4.349305,0.284323,-1.331138,-0.006868385612889938,0.08855561055011063,0.055203409627733624,0.5122814382754415,0.04462812054579768,0.14563608374595982
150,-2.719076,-1.321133,1.540155,0.056210493039751785,1.0,-0.0018497774958499136,-0.12034280937990338,0.03957567231287573,0.08301884397070025
151,-2.475457,-2.241535,1.226766,0.050383896451265286,0.9158098735488305,-0.000707811277419701,-0.1076803174805927,0.07931360533298193,0.5755087350851651
152,-3.432788,-1.893729,1.122954,0.05038805541922953,0.9158699676420972,0.024159083029282158,0.16805187375048236,0.07300285427298858,0.49729678830841473
153,-3.097873,-2.639567,0.543924,0.04514508713303078,0.8401128500364654,0.018352053024271342,0.10366164117549204,0.11310039740271538,0.9942434875724402
154,-2.443823,-2.830318,-0.201246,0.04236345241549655,0.7999202307168221,0.0011071850669934769,-0.08755504920426604,0.1113615124227576,0.9726927120450197
155,-3.68622,-2.323117,-0.22548,0.04348915291876043,0.8161857926579397,0.04797324940071368,0.4321110761160347,0.1135648778101368,1.0
156,-2.978406,-2.438162,-0.955864,0.048098433441869926,0.8827865782445563,0.012291908504754812,0.03646479274987513,0.09692642043339372,0.7937921920186737
157,-2.137759,-2.011825,-1.313098,0.050161571281992945,0.912597434892737,-0.007351689811631701,-0.18134979803239826,0.06528854996588951,0.4016899814243027
158,-3.27629,-1.564585,-1.34113,0.05378718933304194,0.9649850058436111,0.013853872693106783,0.053784358392725995,0.05310032201578574,0.2506358475067747
159,-3.749818,-0.644686,1.699902,0.01928607645837843,0.46646876029408046,0.03135216607114266,0.2478111120524984,0.03454830952012822,0.020712499220952196
160,-4.284884,-1.435357,-1.401722,0.030862566057690444,0.6337407017139847,0.040794475333772784,0.35251050036995313,0.0512537434711029,0.2277503776977381
161,-3.393681,0.02417,-1.525866,-0.0028294655883311925,0.14691509750441312,0.03177478270259382,0.25249722236460603,0.025520328564775152,-0.09117528707723443
162,-2.726864,3.249878,1.453587,-0.045656091388918796,-0.47189881673723943,0.06310622326460003,0.5999103996611308,0.01171871970060323,-0.2622247687722513
163,-3.665832,3.200884,1.103023,-0.04072153241365717,-0.40059799166742904,0.08102043420008886,0.7985489821272482,0.03374614547399846,0.010770923157232382
164,-1.782925,3.329402,1.095798,-0.05082955326480754,-0.5466516167478055,0.07903469927375761,0.7765305090646981,0.01490310256765115,-0.2227592945447494
165,-2.499855,4.033724,0.87434,-0.04173002921802915,-0.41517004452817674,0.07201475093638177,0.6986910445332584,0.019366323994117085,-0.16744460484441237
166,-3.472726,4.000157,0.532257,-0.038224085589518175,-0.36451168283581825,0.08154603355562706,0.8043769982930278,0.028721904330655246,-0.051496733602014344
167,-1.706911,3.927144,0.269858,-0.04524412084764773,-0.4659461389712337,0.08960975659307735,0.8937901753135868,0.02730564848433037,-0.06904902267537538
168,-4.117516,3.31181,0.193735,-0.03742527970399179,-0.35296951280721256,0.09505499641096682,0.9541687609241234,0.056803517558004835,0.29653119813913564
169,-2.715232,4.32422,-0.072225,-0.03893500694144825,-0.37478398461729034,0.07658685308578583,0.7493879964179062,0.024090190266677247,-0.10889962755444282
170,-3.618029,3.92466,-0.459541,-0.0379188637749861,-0.3601014473285432,0.08433617903537938,0.835315036533623,0.03247625913773611,-0.004967343429435611
171,-1.516369,3.517235,-0.640268,-0.050887826954221005,-0.5474936296117457,0.09464452735776163,0.9496173469004465,0.022078068605941414,-0.13383674688330816
172,-2.399221,3.952632,-0.952194,-0.04263408509495248,-0.428233001168679,0.07162174481187433,0.6943332651281935,0.018555878279124638,-0.1774888193164853
173,-3.46375,3.285894,-1.221609,-0.04161760992317509,-0.41354566664211934,0.07564735332622341,0.7389705182973918,0.02585298760012167,-0.08705249558696859
174,-4.820993,-1.209886,1.520148,0.024839283386440147,0.5467086029505752,0.04038751832038079,0.3479980289830784,0.0435884004648428,0.1327503700074042
175,-5.54126,-0.591859,1.196284,0.018282545861385557,0.451968465555056,0.05071694722637243,0.46253408769979076,0.05037297041637556,0.2168345652019108
176,-5.610562,-1.730137,1.188117,0.021968021458847797,0.505220934963384,0.04116327138665987,0.3565998306468152,0.04465568691632793,0.14597772604562342
177,-4.521122,-2.106921,1.17995,0.029232043987071243,0.610180831518387,0.04540598805362883,0.40364444944509725,0.06213084334939678,0.36255511784342453
178,-6.197027,-1.121559,0.651068,0.018551565697237482,0.45585560853025386,0.04916957118920795,0.44537628020990105,0.049290411149728985,0.2034179263675262
179,-5.269491,-2.50207,0.6429,0.023463284229267245,0.5268264056369663,0.048521802072186926,0.4381936060952696,0.06241561390449446,0.366084406082994
180,-5.63487,0.023305,0.404584,0.011676670005240197,0.3565183146473081,0.06563329851156041,0.6279314298169716,0.07109941762636796,0.4737066507347476
181,-6.080217,-2.023825,0.233595,0.019981807173098165,0.476521568302783,0.04596595788256641,0.4098535765701774,0.05115210930332381,0.2264907802194871
182,-4.631553,-2.701135,-0.116969,0.027851096934931263,0.5902271406842263,0.05519011898138215,0.51213406727703,0.08122391407672147,0.5991840416171701
183,-6.203312,-0.588412,-0.200945,0.016542114121050222,0.4268204797501005,0.0570433181806802,0.5326829412018455,0.058472447631457314,0.3172149913735849
184,-5.527727,-2.445462,-0.511196,0.022186748942055967,0.5083813896456302,0.04764285415704572,0.42844754646953853,0.05910844794492709,0.32509722633963145
185,-6.18016,-1.502733,-0.618417,0.019340459534300525,0.46725455659371296,0.04623793459347647,0.41286934257368846,0.0476178439530881,0.182689056646534
186,-5.631894,-0.43483,-1.037879,0.01686360388279029,0.4314657753841138,0.05452278587944859,0.5047344613508657,0.05505118797518049,0.2748137976642504
187,-4.655928,-2.292125,-1.041335,0.02786584416518556,0.5904402275456657,0.04740228956011583,0.42578008817635626,0.06495856460233052,0.39760032593854033
188,-5.459876,-1.691473,-1.290017,0.022638301735475874,0.5149060024620593,0.040387603250665816,0.3479989707176314,0.044069790560449906,0.13871645172708424
189,0.196936,-3.554348,2.016003,0.014580782329368436,0.3984806472172151,-0.02970007490925619,-0.4291559421146185,0.0014094672961175725,-0.38999192242837544
190,1.128465,-3.285505,1.699408,0.013232676223532192,0.37900148441671844,-0.03831572684229023,-0.5246890857826427,-0.006499807346598718,-0.48801508346231426
191,0.712727,-4.140696,1.379894,0.013905865051234922,0.3887285783847134,-0.03129973309452616,-0.4468934710237409,-0.0005209059474369226,-0.41391589723721645
192,1.074966,-3.957294,-0.558895,0.015400908052671358,0.4103308735546911,-0.035865977634926605,-0.4975254718394687,-0.0017435258268134746,-0.42906836958558636
193,0.264951,-4.325446,-1.111047,0.015494986845981273,0.41169024439577284,-0.028814684175919147,-0.41933844243059426,0.0035043013776894227,-0.3640297112531191
194,1.205905,-3.568635,-1.486002,0.013279789996230917,0.3796822445175525,-0.03734773309981154,-0.5139556571357174,-0.005616639974992399,-0.4770695971317048
195,0.91034,-2.638811,-1.756441,0.014374858722105088,0.3955051993255523,-0.042356822763127244,-0.5694980683393043,-0.008641031942497435,-0.5145522329298573
196,0.076409,-3.731826,-1.921172,0.015012664986499225,0.40472104072373605,-0.028458025703376855,-0.41538369758219107,0.002892441521149536,-0.37161276279161193
197,-1.712772,-3.773493,0.88769,0.0231492830146518,0.5222893141183029,-0.014416032507764243,-0.25968152161586555,0.03122964744126433,-0.02041715704572933
198,-2.240321,-3.814264,0.020268,0.025267421672712675,0.5528948929935649,-0.00682044607979293,-0.17545919519108566,0.04432360006367464,0.14186202587015107
199,-5.465103,1.409054,0.843679,-0.011575795282623424,0.020536929432654505,0.06234822359877379,0.5915054534610593,0.04103506257312084,0.10110571703473115
200,-4.944526,2.233291,0.578678,-0.021578669177664267,-0.12399739782155883,0.07664118795044361,0.7499904790242,0.04189058759539677,0.11170861942658905
201,-5.793894,0.935492,0.012068,-0.004742151686555562,0.11927816022457782,0.06277102927970057,0.5961936600150828,0.049281831974400614,0.20331160082912492
202,-5.602627,1.924664,-0.111944,-0.013958570298369555,-0.0138924543137261,0.06512903989330932,0.6223400466694564,0.03841359180068782,0.06861666294573099
