point_index,x,y,z,gap_effect,gap_effect_normalized,gap_baseline,homo_effect,homo_effect_normalized,homo_baseline,lumo_effect,lumo_effect_normalized,lumo_baseline
0,8.946402,20.761254,28.253639,-0.08727909897683,-0.9005700924427882,0.7277855840285482,-0.17302109684103,0.9837731727430716,1.7785305759749417,-0.26030019581786,0.10770645952455338,2.50631616000349
1,8.190482,18.140534,16.498239,0.02912092439116,-0.499809915744702,0.7277855840285482,-0.29931852597707,0.47669092475170016,1.7785305759749417,-0.27019760158592,-0.001797655012422239,2.50631616000349
2,7.543022,18.975493,16.402369,0.02967971801543,-0.49788601379760167,0.7277855840285482,-0.29335499707655,0.5006344021567701,1.7785305759749417,-0.26367527906112,0.0703648054888606,2.50631616000349
3,9.593165,17.995108,16.29901,0.05929133729811,-0.3959345069793757,0.7277855840285482,-0.33131638767789,0.34821999899206624,1.7785305759749417,-0.27202505037978,-0.02201640391722004,2.50631616000349
4,7.569885,19.960274,16.158951,0.0241396456541,-0.5169602400237225,0.7277855840285482,-0.29331566584948,0.5007923164324235,1.7785305759749417,-0.26917602019538,0.009505040685832578,2.50631616000349
5,8.216895,20.698407,15.841757,0.02179295187503,-0.5250398038102622,0.7277855840285482,-0.29399332973661,0.4980715062811867,1.7785305759749417,-0.27220037786158,-0.023956213307522067,2.50631616000349
6,8.901519,17.545456,15.72838,0.09484565388862,-0.27352255389800806,0.7277855840285482,-0.34564572384634,0.29068793324672915,1.7785305759749417,-0.25080006995772,0.21281510058498476,2.50631616000349
7,10.176607,20.226839,15.686063,0.06545800021228,-0.3747029569537601,0.7277855840285482,-0.33051134165721,0.3514522464629406,1.7785305759749417,-0.26505334144493,0.055118032278570483,2.50631616000349
8,7.168976,19.262099,15.506494,0.07941583505078,-0.3266467436099212,0.7277855840285482,-0.31839830017974,0.40008592289187317,1.7785305759749417,-0.23898246512896,0.3435641456425673,2.50631616000349
9,9.11497,20.883841,15.336569,0.04782687411475,-0.435406151040708,0.7277855840285482,-0.30409111150486,0.4575290667889693,1.7785305759749417,-0.25626423739011,0.15235998432648112,2.50631616000349
10,8.930678,17.627964,14.717068,0.19835738249216,0.08286378903538139,0.7277855840285482,-0.43264368776378,-0.05860756243916909,1.7785305759749417,-0.23428630527162,0.3955220868398093,2.50631616000349
11,7.375169,18.895448,14.586371,0.14779605950836,-0.09121662905024774,0.7277855840285482,-0.37736166741093,0.16334890449598105,1.7785305759749417,-0.22956560790257,0.44775150912570383,2.50631616000349
12,9.664869,20.479752,14.569613,0.12188879867623,-0.18041419214715548,0.7277855840285482,-0.36772798604544,0.2020279879631779,1.7785305759749417,-0.2458391873692,0.26770191314054026,2.50631616000349
13,8.284525,18.185113,14.119475,0.26785275868207,0.3221333221137339,0.7277855840285482,-0.49741791117656,-0.3186750796066661,1.7785305759749417,-0.22956515249449,0.4477565477246783,2.50631616000349
14,7.942008,19.436316,13.941966,0.26099361361148,0.2985175863866274,0.7277855840285482,-0.4923040451837,-0.29814298579189114,1.7785305759749417,-0.23131043157222,0.42844691805955093,2.50631616000349
15,9.11411,19.993852,13.869596,0.25923664979693,0.2924684370102122,0.7277855840285482,-0.49783371830291,-0.3203445388648849,1.7785305759749417,-0.23859706850598,0.34782814339449897,2.50631616000349
16,9.662641,19.17621,26.897213,-0.10399168923574,-0.9581108079121405,0.7277855840285482,-0.19873533676938,0.8805308923779493,1.7785305759749417,-0.30272702600513,-0.3617006337220936,2.50631616000349
17,10.491623,19.704886,26.661472,-0.10640018754848,-0.9664031619981808,0.7277855840285482,-0.20091310511788,0.8717871857378694,1.7785305759749417,-0.30731329266636,-0.4124427252900823,2.50631616000349
18,8.691467,19.029531,26.624116,-0.10656032637094,-0.9669545129423502,0.7277855840285482,-0.2022355286742,0.8664776753676051,1.7785305759749417,-0.30879585504515,-0.4288456781789235,2.50631616000349
19,10.645468,18.803763,26.211428,-0.10086266110478,-0.9473377012548299,0.7277855840285482,-0.19448923478659,0.897578926952862,1.7785305759749417,-0.29535189589137,-0.2801027775132967,2.50631616000349
20,10.821604,20.430007,26.03083,-0.11269988566886,-0.9880927464056215,0.7277855840285482,-0.21156741488018,0.8290102948540166,1.7785305759749417,-0.32426730054904,-0.6000205274488077,2.50631616000349
21,7.996239,19.349995,25.979712,-0.11209226542409,-0.9860007365450262,0.7277855840285482,-0.21196306458507,0.8274217673349282,1.7785305759749417,-0.32405533000916,-0.59767530216236,2.50631616000349
22,8.477416,18.431025,25.840027,-0.10399090598423,-0.9581081112115346,0.7277855840285482,-0.20020337042122,0.8746367596992852,1.7785305759749417,-0.30419427640545,-0.3779341760923136,2.50631616000349
23,11.145015,19.524469,25.727118,-0.1057062015647,-0.9640137986850275,0.7277855840285482,-0.19995076597465,0.8756509626921376,1.7785305759749417,-0.30565696753935,-0.39411727509949945,2.50631616000349
24,10.740959,18.480545,25.25526,-0.10668463887989,-0.9673825154599708,0.7277855840285482,-0.20672691670731,0.8484448210489495,1.7785305759749417,-0.3134115555872,-0.47991342387609714,2.50631616000349
25,10.518774,21.024687,25.253855,-0.11557857223275,-0.9980039380241639,0.7277855840285482,-0.22536913599281,0.7735965954951491,1.7785305759749417,-0.34094770822556,-0.7845712385682451,2.50631616000349
26,7.851598,20.014775,25.212755,-0.11615832459873,-1.0,0.7277855840285482,-0.2266725960892,0.7683632231267177,1.7785305759749417,-0.34283092068793,-0.8054069522905538,2.50631616000349
27,7.997119,18.909907,25.07307,-0.1106512285381,-0.981039309731287,0.7277855840285482,-0.21489235364495,0.8156607165228764,1.7785305759749417,-0.32554358218305,-0.6141412064941274,2.50631616000349
28,11.088167,20.22996,24.998921,-0.11217956684674,-0.9863013115153301,0.7277855840285482,-0.21693759662244,0.8074490972222403,1.7785305759749417,-0.32911716346918,-0.6536790271750184,2.50631616000349
29,8.797674,18.150209,24.933385,-0.10852581239135,-0.9737215951305291,0.7277855840285482,-0.21309103975951,0.8228929642464868,1.7785305759749417,-0.32161685215087,-0.5706961760208634,2.50631616000349
30,11.067787,19.266309,24.708691,-0.11287550973093,-0.9886974123507914,0.7277855840285482,-0.21872079593437,0.8002895792344582,1.7785305759749417,-0.3315963056653,-0.6811080603337334,2.50631616000349
31,12.495056,21.338999,11.097244,-0.00822014316669,-0.6283735740634723,0.7277855840285482,-0.25373024808269,0.6597271638491509,1.7785305759749417,-0.26195039124938,0.08944882780001495,2.50631616000349
32,12.960014,22.238909,11.002966,-0.02236363024334,-0.6770689799230221,0.7277855840285482,-0.23400037088428,0.73894231930245,1.7785305759749417,-0.25636400112762,0.1512562062259426,2.50631616000349
33,11.789981,20.772455,10.660681,0.01203361899677,-0.5586407589954867,0.7277855840285482,-0.27537552963795,0.5728216891729816,1.7785305759749417,-0.26334191064118,0.07405316731776757,2.50631616000349
34,12.293524,22.93942,10.660588,-0.03315206103877,-0.7142130741145064,0.7277855840285482,-0.23537174636101,0.7334362677197892,1.7785305759749417,-0.26852380739978,0.01672107146657975,2.50631616000349
35,13.714567,21.716848,10.599733,-0.0094157462023,-0.6324899828918196,0.7277855840285482,-0.22325732263141,0.7820754938699013,1.7785305759749417,-0.23267306883372,0.4133708071823776,2.50631616000349
36,13.281991,22.941381,10.35491,-0.02421636804935,-0.6834478749526598,0.7277855840285482,-0.21599103970363,0.8112495087866354,1.7785305759749417,-0.24020740775298,0.3300114773428817,2.50631616000349
37,12.105836,20.165961,9.927335,0.02596244363414,-0.5106844265021366,0.7277855840285482,-0.2653389019898,0.6131185958075123,1.7785305759749417,-0.23937645835566,0.3392050357470653,2.50631616000349
38,13.984269,22.373776,9.89335,-0.016441353152,-0.6566788395698961,0.7277855840285482,-0.21188324485725,0.8277422423223757,1.7785305759749417,-0.22832459800925,0.46148194442200974,2.50631616000349
39,12.575673,23.413007,9.821822,-0.03009609207023,-0.703691506950004,0.7277855840285482,-0.21981021563353,0.795915575790088,1.7785305759749417,-0.24990630770376,0.22270361546656114,2.50631616000349
40,14.079287,21.323121,9.747486,-0.00531443087225,-0.6183693340396356,0.7277855840285482,-0.21667006202787,0.8085232445311605,1.7785305759749417,-0.22198449290012,0.5316283658496441,2.50631616000349
41,11.349437,20.480803,9.313077,0.00173600868835,-0.5940949797710585,0.7277855840285482,-0.25905163081942,0.6383618934788649,1.7785305759749417,-0.25731562213107,0.14072754671661247,2.50631616000349
42,12.811622,20.113149,9.199138,0.01308421492209,-0.5550236032897833,0.7277855840285482,-0.23562221416049,0.7324306433323524,1.7785305759749417,-0.2225379992384,0.5255044155050443,2.50631616000349
43,13.685187,20.625913,9.111414,-0.0002954555557,-0.6010892220903019,0.7277855840285482,-0.22104452167448,0.7909598558974837,1.7785305759749417,-0.22133997723018,0.5387592362409286,2.50631616000349
44,11.920813,23.317449,9.044848,-0.03052816346269,-0.7051791098093354,0.7277855840285482,-0.2264912140381,0.7690914692901292,1.7785305759749417,-0.25701937750079,0.14400517387319844,2.50631616000349
45,12.048023,20.35466,8.58488,0.00089777387867,-0.5969809854669493,0.7277855840285482,-0.23460826234143,0.736501644391369,1.7785305759749417,-0.23371048846276,0.40189287846615707,2.50631616000349
46,11.254284,21.051334,8.485827,-0.01582395327914,-0.6545531588785916,0.7277855840285482,-0.23843584121197,0.7211339737165599,1.7785305759749417,-0.25425979449111,0.1745369820103848,2.50631616000349
47,12.123572,22.171243,19.016952,-0.0227406311252,-0.6783669774290182,0.7277855840285482,-0.20844533957289,0.8415453795033936,1.7785305759749417,-0.23118597069809,0.42982394332611995,2.50631616000349
48,13.078143,22.250628,18.718951,-0.01531684184968,-0.6528071964621278,0.7277855840285482,-0.20270003730708,0.8646126803048915,1.7785305759749417,-0.21801687915676,0.5755257304695183,2.50631616000349
49,12.545972,21.314658,18.714738,-0.01989075555904,-0.6685549808123928,0.7277855840285482,-0.21369329554261,0.820474916480596,1.7785305759749417,-0.23358405110165,0.4032917714283333,2.50631616000349
50,10.610846,22.342092,18.08522,-0.02619029670076,-0.6902440247491901,0.7277855840285482,-0.22104994688716,0.7909380737514777,1.7785305759749417,-0.24724024358793,0.25220073795949816,2.50631616000349
51,12.241431,20.645473,18.031855,-0.01442006046753,-0.6497196174842973,0.7277855840285482,-0.22676297053896,0.768000371091971,1.7785305759749417,-0.24118303100649,0.31921725883745644,2.50631616000349
52,13.65639,22.534863,17.951526,-0.00908978924926,-0.6313677273946425,0.7277855840285482,-0.20089121385142,0.871875078838179,1.7785305759749417,-0.20998100310069,0.6644340275192928,2.50631616000349
53,11.544876,20.583168,17.286712,-0.00923285621959,-0.6318603007004728,0.7277855840285482,-0.24440539054515,0.6971663243663602,1.7785305759749417,-0.25363824676473,0.1814137368908766,2.50631616000349
54,10.597414,22.939444,17.266302,-0.01352426969244,-0.6466354491231394,0.7277855840285482,-0.22299364529249,0.7831341543563306,1.7785305759749417,-0.23651791498493,0.3708317334911839,2.50631616000349
55,12.741912,20.609847,17.152176,0.00355295873193,-0.5878393004382917,0.7277855840285482,-0.23215432634699,0.7463541599096957,1.7785305759749417,-0.22860136761506,0.458419787395693,2.50631616000349
56,10.703549,21.258085,17.140848,-0.03057960033088,-0.7053562046911761,0.7277855840285482,-0.24255022733997,0.7046147762858388,1.7785305759749417,-0.27312982767084,-0.03423957247806586,2.50631616000349
57,13.591067,22.993019,17.058366,-0.00564670830541,-0.6195133506727337,0.7277855840285482,-0.20379651041756,0.8602103575218567,1.7785305759749417,-0.20944321872297,0.6703840313358576,2.50631616000349
58,12.914748,23.367043,16.392429,-0.00394191854206,-0.6136438342669395,0.7277855840285482,-0.21300104690838,0.8232542841685653,1.7785305759749417,-0.21694296545044,0.5874074267700977,2.50631616000349
59,13.476538,22.333765,16.304891,0.0018303414039,-0.593770196367599,0.7277855840285482,-0.2188643629754,0.7997131597586147,1.7785305759749417,-0.2170340215715,0.5863999890491927,2.50631616000349
60,12.89979,21.097367,16.267349,0.01123539054111,-0.5613890245686337,0.7277855840285482,-0.2370467351247,0.7267112134295921,1.7785305759749417,-0.22581134458358,0.4892883815262814,2.50631616000349
61,9.285088,20.719279,20.228279,-0.08942519966036,-0.9079590229967307,0.7277855840285482,-0.24649700349644,0.6887685303295112,1.7785305759749417,-0.3359222031568,-0.7289694480029267,2.50631616000349
62,8.355871,20.96829,19.955039,-0.07801026761309,-0.8686579124651791,0.7277855840285482,-0.23722340051995,0.7260019045673414,1.7785305759749417,-0.31523366813304,-0.5000731329548965,2.50631616000349
63,10.205674,20.895996,19.871045,-0.07586489552336,-0.8612714904277434,0.7277855840285482,-0.24067378649866,0.7121486575892293,1.7785305759749417,-0.31653868202202,-0.5145117033964945,2.50631616000349
64,7.94344,20.230709,19.366871,-0.07430356409201,-0.8558958947688498,0.7277855840285482,-0.23774665539457,0.7239010442417608,1.7785305759749417,-0.31205021948658,-0.46485170893997874,2.50631616000349
65,8.101513,21.679777,19.272197,-0.05850474054527,-0.8015012380238359,0.7277855840285482,-0.22802879446478,0.7629181073732483,1.7785305759749417,-0.28653353501004,-0.18253713025108198,2.50631616000349
66,10.509388,21.520889,19.120227,-0.04977208352835,-0.7714350828128477,0.7277855840285482,-0.22917154881085,0.7583299661365575,1.7785305759749417,-0.2789436323392,-0.09856304745917577,2.50631616000349
67,10.740138,20.564124,18.882823,-0.05998034383393,-0.8065816754463448,0.7277855840285482,-0.24115838475723,0.7102030029863655,1.7785305759749417,-0.30113872859116,-0.3441278367676196,2.50631616000349
68,7.680169,20.967512,18.702307,-0.06049172007365,-0.8083423214175358,0.7277855840285482,-0.23263743000444,0.7444145061074889,1.7785305759749417,-0.29312915007809,-0.2555104936534719,2.50631616000349
69,8.585988,22.191832,18.550644,-0.04565847057688,-0.7572720937893248,0.7277855840285482,-0.2291554742477,0.7583945052619643,1.7785305759749417,-0.27481394482459,-0.05287251145416216,2.50631616000349
70,7.924208,19.983959,18.385119,-0.06788547198456,-0.8337986850551137,0.7277855840285482,-0.24471404694709,0.6959270736292444,1.7785305759749417,-0.31259951893165,-0.4709291145508665,2.50631616000349
71,9.61504,22.247006,18.361091,-0.03955287428591,-0.7362507934698163,0.7277855840285482,-0.22886556882817,0.7595584710912435,1.7785305759749417,-0.26841844311407,0.01788681358940236,2.50631616000349
72,10.440624,18.620729,16.317857,0.07729146944526,-0.33396084124328695,0.7277855840285482,-0.34837070564176,0.2797471729794023,1.7785305759749417,-0.2710792361965,-0.011551990606934015,2.50631616000349
73,10.840367,19.50901,16.051969,0.08333478259302,-0.3131539790549397,0.7277855840285482,-0.34421966013355,0.29641355726146323,1.7785305759749417,-0.26088487754053,0.1012375871930229,2.50631616000349
74,11.38731,18.709924,15.793102,0.12966600258904,-0.15363762008014414,0.7277855840285482,-0.37150970020571,0.1868444633992301,1.7785305759749417,-0.24184369761667,0.31190769572088994,2.50631616000349
75,11.775073,19.124202,14.957052,0.15785152214797,-0.05659611208101056,0.7277855840285482,-0.38822147939096,0.1197469253482848,1.7785305759749417,-0.23036995724299,0.43885225164700814,2.50631616000349
76,9.825957,17.180145,14.867268,0.20726819040751,0.1135433099783334,0.7277855840285482,-0.43562781749714,-0.07058879771720605,1.7785305759749417,-0.22835962708963,0.4610943854474716,2.50631616000349
77,11.678766,18.152377,14.702117,0.22501147821275,0.17463267190700527,0.7277855840285482,-0.44906712169045,-0.12454739868320797,1.7785305759749417,-0.2240556434777,0.5087133196864819,2.50631616000349
78,10.665795,17.273928,14.285403,0.33587678923817,0.5563370766885418,0.7277855840285482,-0.55669971473578,-0.5566906149934753,1.7785305759749417,-0.22082292549762,0.544479855711387,2.50631616000349
79,11.684629,18.890736,13.987402,0.26081951498158,0.2979181724375337,0.7277855840285482,-0.48526744376628,-0.2698911386294186,1.7785305759749417,-0.22444792878471,0.5043731060793342,2.50631616000349
80,10.270357,20.28422,13.77544,0.18056299318002,0.02159848685908572,0.7277855840285482,-0.41970987263589,-0.0066784923462945844,1.7785305759749417,-0.23914687945587,0.34174507853474245,2.50631616000349
81,11.134154,19.647612,13.557019,0.23729021394702,0.2169078206579491,0.7277855840285482,-0.46915640643993,-0.20520556996183603,1.7785305759749417,-0.2318661924929,0.4222980231936142,2.50631616000349
82,8.964721,21.539801,27.592362,-0.09692753950963,-0.9337892501448583,0.7277855840285482,-0.18686433785765,0.9281927716041627,1.7785305759749417,-0.28379187736727,-0.1522036469554987,2.50631616000349
83,8.173442,20.899707,27.542648,-0.100326887029,-0.9454930546038491,0.7277855840285482,-0.19029971023553,0.9143998040039556,1.7785305759749417,-0.29062659726453,-0.2278224472751713,2.50631616000349
84,9.958595,21.340025,27.475895,-0.10244533112674,-0.9527867647455669,0.7277855840285482,-0.19275690999379,0.9045341845237662,1.7785305759749417,-0.29520224112053,-0.27844700896635555,2.50631616000349
85,8.182897,19.894291,27.3716,-0.10402504863688,-0.9582256628675657,0.7277855840285482,-0.19549496619558,0.8935409307146578,1.7785305759749417,-0.29952001483245,-0.3262185157808637,2.50631616000349
86,10.57184,20.649565,27.082961,-0.10558926128721,-0.9636111784370756,0.7277855840285482,-0.19823603001565,0.8825356013641155,1.7785305759749417,-0.30382529130286,-0.3738517541038322,2.50631616000349
87,8.167176,21.755158,26.988683,-0.09825189067338,-0.93834893313321,0.7277855840285482,-0.1910246294608,0.9114892643922099,1.7785305759749417,-0.28927652013418,-0.21288530069554013,2.50631616000349
88,9.534675,22.083572,26.947957,-0.10041884679551,-0.94580966804781,0.7277855840285482,-0.19364564360132,0.900965932670545,1.7785305759749417,-0.29406449039683,-0.2658590249549664,2.50631616000349
89,7.578009,20.485878,26.831116,-0.10770235669366,-0.9708864732692045,0.7277855840285482,-0.20128989357226,0.8702743858513537,1.7785305759749417,-0.30899225026592,-0.43101857936673904,2.50631616000349
90,10.476746,21.557642,26.647429,-0.10867552437935,-0.9742370469408352,0.7277855840285482,-0.20410190585588,0.8589841995038434,1.7785305759749417,-0.31277743023524,-0.4728975111410735,2.50631616000349
91,7.596043,21.335058,26.260486,-0.10597394615729,-0.9649356315775957,0.7277855840285482,-0.20432089480117,0.8581049622349415,1.7785305759749417,-0.31029484095845,-0.4454303397544882,2.50631616000349
92,9.918087,22.127661,26.016787,-0.10690615191167,-0.9681451751157719,0.7277855840285482,-0.20883922410956,0.8399639391077343,1.7785305759749417,-0.31574537602122,-0.5057346285538307,2.50631616000349
93,7.715463,21.008185,25.321732,-0.10989587115589,-0.978438647384273,0.7277855840285482,-0.22058109497211,0.7928205070257335,1.7785305759749417,-0.330476966128,-0.6687237762323557,2.50631616000349
94,9.678747,21.820916,25.089548,-0.10994196574156,-0.9785973490216389,0.7277855840285482,-0.22664455681919,0.7684758003673311,1.7785305759749417,-0.33658652256076,-0.7363194253409409,2.50631616000349
95,13.628383,23.208409,9.454943,-0.02573817719684,-0.6886873971211458,0.7277855840285482,-0.21227598102564,0.8261654126078117,1.7785305759749417,-0.23801415822248,0.3542774166631726,2.50631616000349
96,14.42501,22.714705,9.053677,-0.0173989656347,-0.6599758573596768,0.7277855840285482,-0.20360381020202,0.8609840459425384,1.7785305759749417,-0.22100277583672,0.5424900057856745,2.50631616000349
97,12.939686,23.715567,8.913523,-0.02722961655299,-0.6938223574296634,0.7277855840285482,-0.2114676385693,0.8294108952174872,1.7785305759749417,-0.2386972551223,0.34671968659625585,2.50631616000349
98,13.996027,23.506912,8.569367,-0.02330752080823,-0.6803187537514438,0.7277855840285482,-0.20150648820307,0.8694047617185008,1.7785305759749417,-0.2248140090113,0.5003228234091421,2.50631616000349
99,11.457315,22.796675,8.301044,-0.02543145853912,-0.6876313782312193,0.7277855840285482,-0.22791317177162,0.7633823307194196,1.7785305759749417,-0.25334463031074,0.18466228611287794,2.50631616000349
100,13.134959,20.44553,8.286907,-0.00404812797334,-0.6140095086819026,0.7277855840285482,-0.22181708112876,0.787858041494268,1.7785305759749417,-0.2258652091021,0.48869242875403773,2.50631616000349
101,13.217283,23.799881,7.952206,-0.02237104483457,-0.6770945080355215,0.7277855840285482,-0.19984691730253,0.8760679135237559,1.7785305759749417,-0.2222179621371,0.5290452806790209,2.50631616000349
102,14.440922,22.968978,7.824224,-0.01569418373386,-0.6541063680241599,0.7277855840285482,-0.19297415382865,0.9036619538465731,1.7785305759749417,-0.2086683375625,0.6789572552025076,2.50631616000349
103,11.945696,20.931069,7.769455,-0.01482970992284,-0.6511300225971492,0.7277855840285482,-0.22684656604112,0.7676647364282472,1.7785305759749417,-0.24167627596396,0.31376003564348753,2.50631616000349
104,13.832767,20.796614,7.620969,-0.00794170285728,-0.6274149162868647,0.7277855840285482,-0.20668289832521,0.8486215541804225,1.7785305759749417,-0.21462460118249,0.6130576256490099,2.50631616000349
105,11.621877,21.82007,7.373337,-0.01945346323528,-0.6670494025155163,0.7277855840285482,-0.22078625803901,0.7919967804472898,1.7785305759749417,-0.24023972127429,0.32965396309909445,2.50631616000349
106,12.840091,20.716102,7.369218,-0.01151092393778,-0.6397035879684296,0.7277855840285482,-0.21511783122996,0.8147554274646533,1.7785305759749417,-0.22662875516774,0.48024461547998554,2.50631616000349
107,13.687448,23.298936,7.220545,-0.01494856045455,-0.6515392197666222,0.7277855840285482,-0.19044302076787,0.9138244144065828,1.7785305759749417,-0.20539158122242,0.7152110281590363,2.50631616000349
108,14.105548,22.401392,6.988642,-0.0109483990683,-0.6377668395076741,0.7277855840285482,-0.18960113313606,0.9172045803831563,1.7785305759749417,-0.20054953220436,0.7687830754907101,2.50631616000349
109,13.730153,21.480279,6.877324,-0.01121639609342,-0.6386895415143747,0.7277855840285482,-0.19679929178969,0.8883040833861064,1.7785305759749417,-0.20801568788311,0.6861781196309498,2.50631616000349
110,12.425466,21.464631,6.837067,-0.01642126409725,-0.656609673835231,0.7277855840285482,-0.20937238892704,0.8378232905130074,1.7785305759749417,-0.22579365302428,0.4894841195389812,2.50631616000349
111,13.162234,22.543004,6.629599,-0.01296783759497,-0.6447196778092663,0.7277855840285482,-0.19319438137416,0.9027777436167155,1.7785305759749417,-0.20616221896912,0.7066847530866851,2.50631616000349
112,12.256085,23.551885,19.642767,-0.0237874917456,-0.6819712726436629,0.7277855840285482,-0.19258191312278,0.9052367942866906,1.7785305759749417,-0.21636940486838,0.593753255681597,2.50631616000349
113,12.424007,24.496327,19.337651,-0.01931357906376,-0.6665677874464333,0.7277855840285482,-0.18534835540055,0.9342794180032254,1.7785305759749417,-0.20466193446431,0.7232837821759983,2.50631616000349
114,13.193045,24.720937,18.701578,-0.0140022711137,-0.6482811870577487,0.7277855840285482,-0.1807153615452,0.9528808175342529,1.7785305759749417,-0.19471763265891,0.833306750760646,2.50631616000349
115,12.223143,25.121996,18.575375,-0.0162593730725,-0.6560522901354052,0.7277855840285482,-0.18380233118168,0.9404866816167172,1.7785305759749417,-0.20006170425418,0.7741803653445058,2.50631616000349
116,13.783837,24.223959,18.043692,-0.01085431626647,-0.6374429165461946,0.7277855840285482,-0.1830410311029,0.9435432897993585,1.7785305759749417,-0.19389534736937,0.842404450161679,2.50631616000349
117,11.794048,25.164369,17.668733,-0.01472715454186,-0.6507769289171511,0.7277855840285482,-0.18949979265096,0.9176114608822177,1.7785305759749417,-0.20422694719283,0.7280964469403337,2.50631616000349
118,13.616418,24.011873,17.079192,-0.0076783129699,-0.626508076453395,0.7277855840285482,-0.19154870723383,0.9093851001420881,1.7785305759749417,-0.19922702020373,0.7834152436555097,2.50631616000349
119,11.252532,24.60119,17.038091,-0.01266251490896,-0.6436684651887288,0.7277855840285482,-0.19962442596085,0.8769612128606425,1.7785305759749417,-0.2122869408698,0.6389213144406156,2.50631616000349
120,11.056535,23.672536,16.718744,-0.00764461423999,-0.6263920532038934,0.7277855840285482,-0.21766791605984,0.804516875841315,1.7785305759749417,-0.22531253029983,0.49480722330568083,2.50631616000349
121,8.09186,19.879003,22.515763,-0.10598459443424,-0.9649722931282426,0.7277855840285482,-0.2480472211068,0.6825444303132675,1.7785305759749417,-0.35403181554104,-0.9293327669590579,2.50631616000349
122,10.367703,20.717653,22.46935,-0.10555926861097,-0.9635079149678614,0.7277855840285482,-0.24864901754652,0.6801282268040278,1.7785305759749417,-0.35420828615749,-0.9312852239007052,2.50631616000349
123,7.563234,20.72344,22.296638,-0.09171038051415,-0.9158268004786707,0.7277855840285482,-0.22979258591703,0.7558365116455035,1.7785305759749417,-0.32150296643118,-0.5694361534265281,2.50631616000349
124,10.218404,21.692698,22.244372,-0.0900881972918,-0.9102416947715146,0.7277855840285482,-0.23092050608585,0.7513079294037859,1.7785305759749417,-0.32100870337765,-0.563967666098282,2.50631616000349
125,7.750163,21.702167,22.107085,-0.0865192183506,-0.8979538567649427,0.7277855840285482,-0.2237796982136,0.7799781638899901,1.7785305759749417,-0.3102989165642,-0.4454754319341274,2.50631616000349
126,9.439686,22.319706,22.067244,-0.08480051388286,-0.8920364326420478,0.7277855840285482,-0.22471249231269,0.7762330098364572,1.7785305759749417,-0.30951300619556,-0.43678018178069034,2.50631616000349
127,7.728475,20.00342,21.58104,-0.09197468879709,-0.9167368023077849,0.7277855840285482,-0.23265503546851,0.7443438204382828,1.7785305759749417,-0.3246297242656,-0.6040303547812562,2.50631616000349
128,10.526832,21.058619,21.522818,-0.08890034152513,-0.9061519594504355,0.7277855840285482,-0.23374094147581,0.7399839244130364,1.7785305759749417,-0.32264128300094,-0.5820303979139676,2.50631616000349
129,7.524072,21.091176,21.347128,-0.08143767941911,-0.8804583410325793,0.7277855840285482,-0.22093162485585,0.7914131348990721,1.7785305759749417,-0.30236930427495,-0.35774282879502783,2.50631616000349
130,10.004275,21.963861,21.29784,-0.07699519561729,-0.8651630640912056,0.7277855840285482,-0.22240505225875,0.7854973463923256,1.7785305759749417,-0.29940024787604,-0.32489342364866214,2.50631616000349
131,7.947981,20.430301,20.699814,-0.08714943964978,-0.9001236810648898,0.7277855840285482,-0.233053993485,0.7427420100986755,1.7785305759749417,-0.32020343313477,-0.5550582198276124,2.50631616000349
132,8.545981,22.444501,25.174451,-0.09730074048094,-0.9350741647254444,0.7277855840285482,-0.21310709420223,0.8228285059042988,1.7785305759749417,-0.31040783468317,-0.446680493387032,2.50631616000349
133,7.731749,21.933761,24.892995,-0.09629081143435,-0.9315970233000996,0.7277855840285482,-0.2146287784432,0.8167189669301287,1.7785305759749417,-0.31091958987755,-0.4523425123780205,2.50631616000349
134,9.424986,22.780075,24.810903,-0.09068159646374,-0.9122847421019036,0.7277855840285482,-0.20879432697023,0.8401442004360571,1.7785305759749417,-0.29947592343397,-0.32573069203569294,2.50631616000349
135,7.781777,22.941978,24.747659,-0.08180879569353,-0.8817360780931802,0.7277855840285482,-0.19690387157341,0.8878841971525864,1.7785305759749417,-0.27871266726694,-0.09600766816893602,2.50631616000349
136,8.65738,23.4156,24.619601,-0.07909103594838,-0.8723789504554482,0.7277855840285482,-0.194602491903,0.8971242013611926,1.7785305759749417,-0.27369352785138,-0.04047630668710178,2.50631616000349
137,10.002438,22.206475,24.21574,-0.09634137789499,-0.9317711214069102,0.7277855840285482,-0.22236059323867,0.7856758486785549,1.7785305759749417,-0.31870197113366,-0.5384461630123754,2.50631616000349
138,7.161566,22.370338,24.187364,-0.08247393956537,-0.8840261392795558,0.7277855840285482,-0.2027273147406,0.8645031618261432,1.7785305759749417,-0.28520125430596,-0.1677968819240122,2.50631616000349
139,7.4596,21.325714,24.146005,-0.09652344739636,-0.9323979787169788,0.7277855840285482,-0.22249793305166,0.7851244314281318,1.7785305759749417,-0.31902138044801,-0.5419800824011944,2.50631616000349
140,9.487397,23.400893,24.024438,-0.07908873634654,-0.8723710330271431,0.7277855840285482,-0.20070674704621,0.8726157102422032,1.7785305759749417,-0.27979548339275,-0.10798786013457529,2.50631616000349
141,7.894743,23.554445,23.959519,-0.07351425648138,-0.8531783432739914,0.7277855840285482,-0.19153126859399,0.9094551160145605,1.7785305759749417,-0.26504552507537,0.05520451197311038,2.50631616000349
142,8.735,23.726397,23.443306,-0.07299292888168,-0.8513834352067237,0.7277855840285482,-0.1958268130455,0.8922085706832827,1.7785305759749417,-0.26881974192718,0.013446875263728675,2.50631616000349
143,7.299707,22.989916,23.378387,-0.07526658647753,-0.8592115386168332,0.7277855840285482,-0.19858312254005,0.8811420301826769,1.7785305759749417,-0.27384970901757,-0.04220428275596,2.50631616000349
144,9.971731,22.774416,23.371162,-0.08464894843146,-0.8915145994385237,0.7277855840285482,-0.21470477989988,0.8164138222429602,1.7785305759749417,-0.29935372833134,-0.3243787350857783,2.50631616000349
145,7.158032,21.831187,23.327708,-0.08538966741426,-0.8940648624182148,0.7277855840285482,-0.21379131936019,0.8200813523509443,1.7785305759749417,-0.29918098677445,-0.32246753616413537,2.50631616000349
146,8.056626,23.347202,22.783224,-0.07334481083878,-0.8525949493561533,0.7277855840285482,-0.20088567090859,0.8718973336689382,1.7785305759749417,-0.27423048174737,-0.04641712211949678,2.50631616000349
147,9.302348,23.21918,22.765633,-0.07724692632502,-0.8660297618803571,0.7277855840285482,-0.20891445083626,0.8396619049495964,1.7785305759749417,-0.28616137716128,-0.1784196052499385,2.50631616000349
148,8.504676,22.657758,22.213296,-0.08188842025554,-0.8820102219689057,0.7277855840285482,-0.21794691874068,0.8033966843412681,1.7785305759749417,-0.29983533899622,-0.32970723738679963,2.50631616000349
149,9.333657,17.02787,13.983436,0.2917292273906,0.4043389569726372,0.7277855840285482,-0.50563009367248,-0.35164686683490043,1.7785305759749417,-0.21390086628188,0.6210649713422176,2.50631616000349
150,8.551742,17.462234,13.478249,0.32595605169322,0.5221804123129672,0.7277855840285482,-0.53689616063767,-0.47717964791376,1.7785305759749417,-0.21094010894446,0.6538225563287106,2.50631616000349
151,9.690424,16.759667,13.076795,0.37002026908731,0.67389158072992,0.7277855840285482,-0.57297197462713,-0.6220234897958414,1.7785305759749417,-0.20295170553982,0.7422056197181313,2.50631616000349
152,9.643598,20.094084,12.98673,0.29618431152969,0.41967761632274825,0.7277855840285482,-0.52821894495988,-0.44234075956663266,1.7785305759749417,-0.2320346334302,0.4204344059869376,2.50631616000349
153,11.38485,19.143237,12.730297,0.32820743979644,0.5299318428363955,0.7277855840285482,-0.54992051684151,-0.5294722390429878,1.7785305759749417,-0.22171307704507,0.5346312894010317,2.50631616000349
154,10.612448,19.90162,12.718314,0.25833749278305,0.289372678836499,0.7277855840285482,-0.49137826091124,-0.2944259760851581,1.7785305759749417,-0.23304076812818,0.40930261127333933,2.50631616000349
155,8.941891,17.210531,12.585089,0.38170730878329,0.7141295459649555,0.7277855840285482,-0.58300931201559,-0.6623232460268711,1.7785305759749417,-0.2013020032323,0.7604577955577396,2.50631616000349
156,10.722307,19.242177,11.969988,0.34355813806761,0.5827836239064401,0.7277855840285482,-0.56473833755796,-0.5889655627838624,1.7785305759749417,-0.22118019949035,0.5405270045160522,2.50631616000349
157,9.556497,17.515362,11.854926,0.46473783293381,1.0,0.7277855840285482,-0.66711343136653,-1.0,1.7785305759749417,-0.20237559843272,0.748579623181244,2.50631616000349
158,10.005783,18.670964,11.554303,0.43479517841661,0.8969087533841271,0.7277855840285482,-0.64724861296065,-0.9202430576607866,1.7785305759749417,-0.21245343454404,0.6370792415984072,2.50631616000349
159,11.275936,24.338845,20.243373,-0.02921353312462,-0.7006528951975737,0.7277855840285482,-0.18543353368188,0.933937428505321,1.7785305759749417,-0.2146470668065,0.6128090677619848,2.50631616000349
160,10.371625,24.727263,20.021113,-0.02880738500417,-0.6992545450271226,0.7277855840285482,-0.18483761039543,0.9363300513939308,1.7785305759749417,-0.21364499539961,0.6238959065443683,2.50631616000349
161,11.237765,25.205732,19.72695,-0.02407122356133,-0.682948148844515,0.7277855840285482,-0.17892368915577,0.9600743547987178,1.7785305759749417,-0.2029949127171,0.741727578926376,2.50631616000349
162,9.555853,24.46546,19.457879,-0.02821401180914,-0.6972115871340958,0.7277855840285482,-0.19064296533744,0.9130216400151738,1.7785305759749417,-0.21885697714658,0.5662309527615648,2.50631616000349
163,9.258384,23.779965,18.778459,-0.02733393258736,-0.6941815129620845,0.7277855840285482,-0.20236117981776,0.8659731879463255,1.7785305759749417,-0.22969511240513,0.44631868155313437,2.50631616000349
164,9.809685,23.891795,17.35708,-0.0170865859175,-0.6589003476901796,0.7277855840285482,-0.21275865845646,0.8242274700990115,1.7785305759749417,-0.22984524437396,0.4446576333253778,2.50631616000349
165,8.566139,21.982378,14.932495,0.0206052082078,-0.5291291531778847,0.7277855840285482,-0.26361581501291,0.6200367636887039,1.7785305759749417,-0.24301060680511,0.2989971047620399,2.50631616000349
166,8.768878,23.025252,14.910418,0.00356686112201,-0.5877914351188203,0.7277855840285482,-0.2394212766466,0.7171774655052621,1.7785305759749417,-0.23585441552459,0.3781726390378435,2.50631616000349
167,9.60912,23.646922,14.840491,0.00020370560426,-0.5993706321031336,0.7277855840285482,-0.23151164027207,0.7489345346794158,1.7785305759749417,-0.23130793466781,0.4284745436124391,2.50631616000349
168,10.655148,20.95088,14.774773,0.06126881644037,-0.38912613299852616,0.7277855840285482,-0.30739625526377,0.4442589651038633,1.7785305759749417,-0.2461274388234,0.26451272185184616,2.50631616000349
169,10.627473,23.550807,14.761425,-0.00086360048949,-0.6030453201860556,0.7277855840285482,-0.23500961446316,0.7348902217558082,1.7785305759749417,-0.23587321495265,0.3779646436528148,2.50631616000349
170,8.839831,21.167419,14.416102,0.07739788438753,-0.33359445926299625,0.7277855840285482,-0.32053995814272,0.3914871988978421,1.7785305759749417,-0.24314207375519,0.2975425648253378,2.50631616000349
171,9.027495,23.459791,14.027036,0.00491910597975,-0.5831357153651077,0.7277855840285482,-0.232370692289,0.7454854539588798,1.7785305759749417,-0.22745158630924,0.4711408768160439,2.50631616000349
172,10.051762,23.75071,13.94797,-0.00047211345028,-0.6016974474754737,0.7277855840285482,-0.22919548280546,0.758233871513941,1.7785305759749417,-0.22966759625573,0.44662311805357957,2.50631616000349
173,9.443951,20.917287,13.656145,0.12411225680048,-0.1727589233166832,0.7277855840285482,-0.36581256584899,0.20971837078179978,1.7785305759749417,-0.24170030904851,0.31349413549703353,2.50631616000349
174,9.583416,23.283533,13.197152,0.00219350435584,-0.5925198422475697,0.7277855840285482,-0.23896277405881,0.7190183463887201,1.7785305759749417,-0.23676926970298,0.36805076477273624,2.50631616000349
175,9.773368,21.516945,12.924939,0.05651242140706,-0.40550219254594566,0.7277855840285482,-0.30602946039127,0.44974662563053824,1.7785305759749417,-0.24951703898421,0.22701045378866214,2.50631616000349
176,7.989897,22.67533,17.903756,-0.03009899318275,-0.7037014953532061,0.7277855840285482,-0.22160752767515,0.7886993954082613,1.7785305759749417,-0.2517065208579,0.20278619952529664,2.50631616000349
177,7.618694,21.793609,17.589558,-0.04464783497083,-0.7537925197107395,0.7277855840285482,-0.23053342260514,0.7528620636636951,1.7785305759749417,-0.27518125757597,-0.05693643068113896,2.50631616000349
178,7.87807,23.359974,17.177244,-0.01969045343946,-0.6678653493972675,0.7277855840285482,-0.21579330746789,0.8120434006915245,1.7785305759749417,-0.23548376090735,0.3822735324043549,2.50631616000349
179,7.488479,21.293204,16.718212,-0.03227346735507,-0.7111881145849686,0.7277855840285482,-0.244157769052,0.6981605208773771,1.7785305759749417,-0.27643123640707,-0.0707660975956036,2.50631616000349
180,8.568506,23.829135,16.5848,-0.01486969214619,-0.6512676796390544,0.7277855840285482,-0.21662902909968,0.8086879911108067,1.7785305759749417,-0.23149872124588,0.42636369600381463,2.50631616000349
181,9.552718,23.742686,16.386975,-0.01000189627593,-0.6345080718945763,0.7277855840285482,-0.22461624857963,0.7766194269539628,1.7785305759749417,-0.23461814485556,0.3918506399314756,2.50631616000349
182,7.738599,21.541132,15.560568,0.01409877755631,-0.5515305086253961,0.7277855840285482,-0.26266470966978,0.6238554371072378,1.7785305759749417,-0.24856593211347,0.23753342497435614,2.50631616000349
183,9.260672,17.865084,21.652574,-0.11491842131876,-0.9957310673727411,0.7277855840285482,-0.24550057230111,0.6927691863519898,1.7785305759749417,-0.36041899361987,-1.0,2.50631616000349
184,10.75207,18.400469,21.608759,-0.11327352088125,-0.9900677472898642,0.7277855840285482,-0.24504942247743,0.6945805459999059,1.7785305759749417,-0.35832294335868,-0.9768094657069313,2.50631616000349
185,8.401793,18.258297,21.281454,-0.11462526237348,-0.9947217339781969,0.7277855840285482,-0.24467018601338,0.6961031746078377,1.7785305759749417,-0.35929544838685,-0.9875691844138456,2.50631616000349
186,11.139066,19.255577,21.205339,-0.10906100329825,-0.9755642339566261,0.7277855840285482,-0.24468407646331,0.6960474046636329,1.7785305759749417,-0.35374507976156,-0.9261603449755764,2.50631616000349
187,8.87802,17.482519,20.810626,-0.10939895255175,-0.9767277784184641,0.7277855840285482,-0.24106015502572,0.7105973938572996,1.7785305759749417,-0.35045910757747,-0.889804608649891,2.50631616000349
188,8.047449,19.074688,20.79808,-0.10582799240866,-0.9644331192206541,0.7277855840285482,-0.24258900301339,0.7044590925496004,1.7785305759749417,-0.34841699542205,-0.8672108412925794,2.50631616000349
189,10.856056,20.104848,20.721029,-0.10058848559192,-0.9463937269857468,0.7277855840285482,-0.24511655577767,0.6943110068253269,1.7785305759749417,-0.34570504136959,-0.8372059961706435,2.50631616000349
190,11.281834,18.397876,20.678337,-0.10499050655091,-0.9615496921334191,0.7277855840285482,-0.23956222519695,0.7166115592294848,1.7785305759749417,-0.34455273174786,-0.824456933663053,2.50631616000349
191,8.172713,18.14972,20.31377,-0.10740205569449,-0.9698525500962726,0.7277855840285482,-0.2447109993655,0.6959393096227573,1.7785305759749417,-0.35211305505999,-0.9081037527699077,2.50631616000349
192,11.332624,19.314434,20.215841,-0.09833489419168,-0.9386347106072858,0.7277855840285482,-0.24453038547344,0.6966644716393617,1.7785305759749417,-0.34286527966512,-0.8057870972964027,2.50631616000349
193,9.335407,17.315658,19.930947,-0.09101256227961,-0.9134242428941822,0.7277855840285482,-0.24921391335293,0.6778601787736385,1.7785305759749417,-0.34022647563254,-0.7765915782082818,2.50631616000349
194,11.109119,18.280059,19.700355,-0.08683834132354,-0.8990525831682831,0.7277855840285482,-0.24578593322042,0.6916234666216481,1.7785305759749417,-0.33262427454396,-0.6924814266952999,2.50631616000349
195,8.663569,17.915845,19.469387,-0.08747494763887,-0.9012443907988726,0.7277855840285482,-0.25452703835837,0.6565280630682928,1.7785305759749417,-0.34200198599724,-0.7962356844411629,2.50631616000349
196,10.212208,17.755122,19.258643,-0.07316915991179,-0.8519901909162417,0.7277855840285482,-0.25316075080715,0.662013686707781,1.7785305759749417,-0.32632991071895,-0.622841083217052,2.50631616000349
197,12.595944,21.33978,13.350128,0.01694020880051,-0.5417475854390232,0.7277855840285482,-0.26033682936473,0.633201840958959,1.7785305759749417,-0.24339662056422,0.2947262790647809,2.50631616000349
198,12.671021,22.882925,13.288899,-0.00793449582312,-0.6273901027842566,0.7277855840285482,-0.23396300298472,0.7390923508481531,1.7785305759749417,-0.24189749880783,0.31131244359754806,2.50631616000349
199,11.81611,20.703172,13.172151,0.06067980548357,-0.3911540718965968,0.7277855840285482,-0.3111346415742,0.42924940119491684,1.7785305759749417,-0.25045483609063,0.21663474078260725,2.50631616000349
200,11.940104,23.566693,13.083771,-0.01600425603183,-0.655173933350421,0.7277855840285482,-0.22932051542654,0.7577318674509668,1.7785305759749417,-0.24532477145837,0.2733933700878701,2.50631616000349
201,10.974811,23.63744,12.824718,-0.01368870007619,-0.6472015757246596,0.7277855840285482,-0.23268771787006,0.744212601095489,1.7785305759749417,-0.24637641794625,0.2617580365307828,2.50631616000349
202,10.410847,20.862384,12.503217,0.09313351142917,-0.279417385314083,0.7277855840285482,-0.34744380512022,0.28346866440913354,1.7785305759749417,-0.25431029369105,0.17397826285671547,2.50631616000349
203,12.557939,20.786947,12.492732,0.03612499748099,-0.475695199201969,0.7277855840285482,-0.28293424659536,0.5424735560960572,1.7785305759749417,-0.24680924911437,0.25696922672347555,2.50631616000349
204,12.669656,23.378787,12.404071,-0.01807765492778,-0.6623125548374597,0.7277855840285482,-0.22561991542484,0.7725897199077862,1.7785305759749417,-0.24369757035262,0.29139659441093135,2.50631616000349
205,11.357297,20.432783,12.301273,0.09548811378403,-0.2713105926478634,0.7277855840285482,-0.34988452682785,0.2736692040504176,1.7785305759749417,-0.25439641304382,0.17302544514967466,2.50631616000349
206,11.74629,23.803149,12.131536,-0.02236007626601,-0.6770567437349051,0.7277855840285482,-0.22560261082651,0.7726591976056443,1.7785305759749417,-0.24796268709253,0.24420768016959626,2.50631616000349
207,10.482655,16.786104,19.137312,-0.04275332047099,-0.7472697893560155,0.7277855840285482,-0.23852032613518,0.7207947680409117,1.7785305759749417,-0.28127364660618,-0.12434214100584517,2.50631616000349
208,8.221931,17.173872,18.943326,-0.04380709545495,-0.7508978904212251,0.7277855840285482,-0.23987508278075,0.7153554408114009,1.7785305759749417,-0.2836821782357,-0.1509899444409658,2.50631616000349
209,10.167519,15.928124,18.722564,-0.0231135870565,-0.6796510483475942,0.7277855840285482,-0.23143780143017,0.7492309965012902,1.7785305759749417,-0.25455138848666,0.17131080910858865,2.50631616000349
210,10.958609,17.513757,18.622856,-0.03767819665412,-0.7297963605820071,0.7277855840285482,-0.24670278694095,0.6879423129444435,1.7785305759749417,-0.28438098359507,-0.15872147166181094,2.50631616000349
211,8.316306,16.22734,18.56172,-0.02184835181451,-0.6752948988858235,0.7277855840285482,-0.23161741482239,0.7485098514762545,1.7785305759749417,-0.25346576663691,0.183322043381968,2.50631616000349
212,9.177606,15.657524,18.457331,-0.01685175061166,-0.6580918200289277,0.7277855840285482,-0.229739577002,0.7560493416293035,1.7785305759749417,-0.24659132761366,0.25938029296982723,2.50631616000349
213,7.929785,17.754282,18.181519,-0.0377956406668,-0.730200715168131,0.7277855840285482,-0.24938994684725,0.6771534069839653,1.7785305759749417,-0.28718558751406,-0.18975138757846688,2.50631616000349
214,9.985345,15.572299,17.804875,-0.00384982290145,-0.61332675301441,0.7277855840285482,-0.2365845800986,0.7285667587970504,1.7785305759749417,-0.24043440300005,0.3275000198845326,2.50631616000349
215,10.945725,18.084988,17.770141,-0.02158866515246,-0.6744008090947907,0.7277855840285482,-0.26559973521203,0.6120713544061314,1.7785305759749417,-0.28718840036449,-0.1897825087331293,2.50631616000349
216,8.837857,15.663638,17.504346,-0.00066791303417,-0.6023715768576396,0.7277855840285482,-0.23887269006891,0.7193800322315675,1.7785305759749417,-0.23954060310308,0.33738895124539403,2.50631616000349
217,10.179214,15.94771,16.893084,0.02120719049772,-0.5270565545486321,0.7277855840285482,-0.26213574554356,0.6259792199907477,1.7785305759749417,-0.24092855504584,0.3220327607371414,2.50631616000349
218,10.341332,17.325709,16.348013,0.06748706571533,-0.36771697339460274,0.7277855840285482,-0.32478759985122,0.3744329823477328,1.7785305759749417,-0.25730053413589,0.14089447910182984,2.50631616000349
219,9.512438,16.448329,16.292307,0.04718226725759,-0.43762550418602086,0.7277855840285482,-0.29204674135199,0.5058870288990207,1.7785305759749417,-0.2448644740944,0.27848606371349693,2.50631616000349
220,9.912623,17.70818,24.716496,-0.1021281602413,-0.9516947592938965,0.7277855840285482,-0.20995587226507,0.8354806138272053,1.7785305759749417,-0.31208403250637,-0.46522581351633896,2.50631616000349
221,10.158383,16.754721,24.494985,-0.0866266230637,-0.8983236464828028,0.7277855840285482,-0.19381868315312,0.9002711815143383,1.7785305759749417,-0.28044530621682,-0.11517744845936018,2.50631616000349
222,9.203007,17.129524,24.299594,-0.09327078140675,-0.9211991923334494,0.7277855840285482,-0.20231063956292,0.8661761062971871,1.7785305759749417,-0.29558142096967,-0.2826422248242658,2.50631616000349
223,10.966923,16.410918,23.958714,-0.08043846753199,-0.8770180983173775,0.7277855840285482,-0.19035631606104,0.914172532479544,1.7785305759749417,-0.27079478359303,-0.008404829502229316,2.50631616000349
224,8.822289,18.001041,23.928474,-0.10894905123206,-0.9751787879014636,0.7277855840285482,-0.22428902229503,0.7779332354861865,1.7785305759749417,-0.33323807352709,-0.6992724500933962,2.50631616000349
225,11.251078,18.703188,23.902166,-0.10447981159407,-0.9597913917893119,0.7277855840285482,-0.21818786425832,0.8024292917699059,1.7785305759749417,-0.32266767585239,-0.5823224063347459,2.50631616000349
226,10.038712,16.104309,23.742259,-0.08140206957235,-0.8803357378915592,0.7277855840285482,-0.19188484328809,0.9080355190208327,1.7785305759749417,-0.27328691286044,-0.03597755059042462,2.50631616000349
227,11.707396,16.945852,23.523182,-0.07997939172422,-0.8754375204401885,0.7277855840285482,-0.19296030191644,0.9037175690624213,1.7785305759749417,-0.27293969364066,-0.03213594460768043,2.50631616000349
228,11.842393,17.970085,23.484235,-0.08672850918617,-0.8986744359350959,0.7277855840285482,-0.20078721178894,0.8722926455297488,1.7785305759749417,-0.28751572097511,-0.19340395807809974,2.50631616000349
229,10.804832,16.043432,23.041025,-0.0768998362399,-0.8648347459360467,0.7277855840285482,-0.1926762822207,0.904857903800625,1.7785305759749417,-0.2695761184606,0.005078385127051499,2.50631616000349
230,8.535661,17.746109,23.003202,-0.10731121053963,-0.9695397742113506,0.7277855840285482,-0.22739223634913,0.7654738784801427,1.7785305759749417,-0.33470344688876,-0.7154852250564662,2.50631616000349
231,11.509959,18.759637,22.937666,-0.10306033230462,-0.9549041868352304,0.7277855840285482,-0.22304247242093,0.7829381141817862,1.7785305759749417,-0.32610280472555,-0.6203284004700673,2.50631616000349
232,9.919533,16.049107,22.549319,-0.08054037394899,-0.8773689576428475,0.7277855840285482,-0.20011619694622,0.8749867598692858,1.7785305759749417,-0.28065657089521,-0.11751486415011547,2.50631616000349
233,9.354646,16.670444,21.965207,-0.08868161796417,-0.9053989038203585,0.7277855840285482,-0.21374251197114,0.8202773132721393,1.7785305759749417,-0.30242412993531,-0.3583494155645628,2.50631616000349
234,8.863934,21.149576,8.434904,-0.00200666794592,-0.6069808513187984,0.7277855840285482,-0.2411498042935,0.710237453417121,1.7785305759749417,-0.24315647223942,0.29738326113473157,2.50631616000349
235,9.798031,20.646387,8.406256,0.00576706004293,-0.5802162467055736,0.7277855840285482,-0.24425537493862,0.6977686347341434,1.7785305759749417,-0.23848831489569,0.3490313847363804,2.50631616000349
236,8.93843,23.250266,8.288759,-0.0187546665749,-0.6646434762537614,0.7277855840285482,-0.22427188105133,0.7780020573177013,1.7785305759749417,-0.24302654762623,0.29882073677808085,2.50631616000349
237,9.888053,23.671502,8.208337,-0.02104732749295,-0.6725370072689725,0.7277855840285482,-0.21753052510727,0.8050684984163703,1.7785305759749417,-0.23857785260022,0.34804074665585727,2.50631616000349
238,9.159601,20.605794,7.630967,0.01457041301925,-0.5499066884061563,0.7277855840285482,-0.22041437441634,0.7934898875094418,1.7785305759749417,-0.20584396139709,0.7102059296895784,2.50631616000349
239,9.2549,23.64959,7.417881,-0.00639262392408,-0.6220815054418698,0.7277855840285482,-0.19749393584247,0.8855150981292641,1.7785305759749417,-0.20388655976655,0.731862466500186,2.50631616000349
240,8.790415,21.094902,6.833863,0.00995501512154,-0.5657973009979653,0.7277855840285482,-0.20150121086817,0.8694259501374799,1.7785305759749417,-0.19154619574664,0.8683952778986093,2.50631616000349
241,9.052328,23.153425,6.560017,-0.00060609726432,-0.6021587478724642,0.7277855840285482,-0.18835939132813,0.922190154766557,1.7785305759749417,-0.18896548859245,0.8969480177196634,2.50631616000349
242,11.185801,21.567661,6.507214,-0.00387697346733,-0.6134202312222719,0.7277855840285482,-0.20120208719103,0.8706269271301958,1.7785305759749417,-0.20507906065836,0.7186687309595441,2.50631616000349
243,9.650937,21.02743,6.27063,0.00669535372947,-0.5770201722454391,0.7277855840285482,-0.19498262730746,0.8955979635212516,1.7785305759749417,-0.18828727357798,0.9044517349932228,2.50631616000349
244,9.068921,21.833447,6.124017,0.00438375645006,-0.5849789003225154,0.7277855840285482,-0.18928376490697,0.9184788089731513,1.7785305759749417,-0.18490000845691,0.9419281683614242,2.50631616000349
245,9.921405,22.937028,6.066345,-0.00110067961446,-0.603861573218188,0.7277855840285482,-0.18622031033285,0.930778532274652,1.7785305759749417,-0.18732098994732,0.9151426206501962,2.50631616000349
246,10.67714,22.278685,6.019721,-0.00165397154574,-0.605766533077555,0.7277855840285482,-0.19049750772381,0.9136056501111156,1.7785305759749417,-0.19215147926956,0.8616984688787073,2.50631616000349
247,14.424359,22.523182,16.027146,0.00545087025084,-0.5813048742958578,0.7277855840285482,-0.20568170656241,0.8526413238085455,1.7785305759749417,-0.20023083631157,0.7723091016398211,2.50631616000349
248,13.763153,23.26183,15.825951,0.00288442509009,-0.590141032454147,0.7277855840285482,-0.20914332323578,0.8387429857629933,1.7785305759749417,-0.20625889814569,0.7056151023243986,2.50631616000349
249,13.246752,20.681844,15.425808,0.02907475745289,-0.4999688664888974,0.7277855840285482,-0.24822056405186,0.6818484610377584,1.7785305759749417,-0.21914580659897,0.5630353665466161,2.50631616000349
250,15.115703,22.130265,15.404556,0.00989922101693,-0.5659893976537496,0.7277855840285482,-0.20157158269835,0.8691434083146807,1.7785305759749417,-0.19167236168142,0.8669993879758786,2.50631616000349
251,13.032595,23.574031,15.208791,0.00110308023804,-0.5962741246736465,0.7277855840285482,-0.21832068462141,0.8018960200417686,1.7785305759749417,-0.21721760438337,0.5843688433399898,2.50631616000349
252,15.084767,21.27769,14.85574,0.01769465449891,-0.5391500619793927,0.7277855840285482,-0.21010042315465,0.8349002442144682,1.7785305759749417,-0.19240576865574,0.8588850312242005,2.50631616000349
253,14.042735,20.481242,14.843943,0.03401594750118,-0.48295656580755497,0.7277855840285482,-0.23824049874138,0.7219182707508904,1.7785305759749417,-0.2042245512402,0.7281229555707132,2.50631616000349
254,15.180907,22.797094,14.627581,0.00896253739098,-0.5692143583074015,0.7277855840285482,-0.19848259319591,0.8815456539631792,1.7785305759749417,-0.18952005580493,0.8908123299468294,2.50631616000349
255,12.833946,20.606833,14.516451,0.04586048780626,-0.44217633288127156,0.7277855840285482,-0.2720417195193,0.5862068858543843,1.7785305759749417,-0.22618123171304,0.48519597958385985,2.50631616000349
256,12.943566,23.62021,14.210961,-3.680327753e-05,-0.6001986936376138,0.7277855840285482,-0.21900985315921,0.7991290188938978,1.7785305759749417,-0.21904665643674,0.5641323560987905,2.50631616000349
257,15.251196,21.932518,14.114061,0.01426048083261,-0.5509737713352516,0.7277855840285482,-0.20380388789195,0.8601807370749182,1.7785305759749417,-0.18954340705934,0.890553973515112,2.50631616000349
258,14.610478,20.822356,14.066969,0.02781382176538,-0.5043102127731146,0.7277855840285482,-0.22506045924993,0.7748359279008281,1.7785305759749417,-0.19724663748455,0.8053260414130359,2.50631616000349
259,14.822661,22.935446,13.702309,0.00868260377665,-0.5701781574673721,0.7277855840285482,-0.20247737700044,0.8655066580335102,1.7785305759749417,-0.19379477322379,0.8435171945530016,2.50631616000349
260,13.683054,23.414003,13.495964,0.00283768551488,-0.5903019547622185,0.7277855840285482,-0.21168411810229,0.8285417332006229,1.7785305759749417,-0.20884643258741,0.6769868259341487,2.50631616000349
261,14.133035,22.611367,13.040771,0.00679653471097,-0.5766718105625877,0.7277855840285482,-0.21425685570406,0.8182122310443103,1.7785305759749417,-0.20746032099309,0.6923226549728321,2.50631616000349
262,10.505951,20.266284,17.935032,-0.05569348992758,-0.7918222254112157,0.7277855840285482,-0.25142002655569,0.6690026679768506,1.7785305759749417,-0.30711351648327,-0.4102324174025911,2.50631616000349
263,7.412825,20.617249,17.78664,-0.05808750992001,-0.8000647312752553,0.7277855840285482,-0.23763567583225,0.7243466254885627,1.7785305759749417,-0.29572318575226,-0.2842106991653037,2.50631616000349
264,8.098562,18.880419,22.288161,-0.10910725858054,-0.9757234888654087,0.7277855840285482,-0.24844057159787,0.6809651341025311,1.7785305759749417,-0.35754783017841,-0.9682336747915672,2.50631616000349
265,11.008759,19.958675,22.252491,-0.10801280360301,-0.9719553283660214,0.7277855840285482,-0.24909370285788,0.6783428220742904,1.7785305759749417,-0.35710650646089,-0.9633509040894551,2.50631616000349
266,7.756061,22.474847,11.151766,0.0143227636424,-0.5507593343520408,0.7277855840285482,-0.24881743247265,0.6794520434492164,1.7785305759749417,-0.23449466883026,0.39321676890849067,2.50631616000349
267,8.109702,23.431544,11.032117,0.0001765282739,-0.5994642024599266,0.7277855840285482,-0.23221319489968,0.7461178035702336,1.7785305759749417,-0.23203666662578,0.42041191087186536,2.50631616000349
268,8.057385,21.522968,11.002532,0.04117844231497,-0.45829641021549883,0.7277855840285482,-0.27782216050383,0.5629985036341913,1.7785305759749417,-0.23664371818887,0.36943985679377467,2.50631616000349
269,8.972538,23.88775,10.726439,-0.00793869445445,-0.6274045584878296,0.7277855840285482,-0.22802049404726,0.7629514334227496,1.7785305759749417,-0.23595918850171,0.37701343910648855,2.50631616000349
270,8.878161,21.029373,10.683185,0.05078092271834,-0.42523549122385584,0.7277855840285482,-0.298971384469,0.47808469260182496,1.7785305759749417,-0.24819046175067,0.24168759936881967,2.50631616000349
271,9.901508,23.619833,10.37395,-0.01854586525111,-0.6639245824512032,0.7277855840285482,-0.23771817578369,0.724015389444238,1.7785305759749417,-0.2562640410348,0.15236215678609955,2.50631616000349
272,8.13336,23.997155,10.193351,-0.00615084429467,-0.621249068779052,0.7277855840285482,-0.22183190184093,0.7877985365613853,1.7785305759749417,-0.2279827461356,0.465264166511727,2.50631616000349
273,7.987226,21.015071,10.142702,0.04153966947309,-0.45705272094871363,0.7277855840285482,-0.27513657946572,0.573781070463014,1.7785305759749417,-0.23359690999262,0.40314950167577424,2.50631616000349
274,9.258831,24.108945,9.778603,-0.01656847555138,-0.6571165164170627,0.7277855840285482,-0.22403450518848,0.7789551177796306,1.7785305759749417,-0.24060298073985,0.32563488910581717,2.50631616000349
275,9.29285,20.85561,9.763062,0.01635652031087,-0.5437571993160346,0.7277855840285482,-0.28207815876112,0.5459107356683894,1.7785305759749417,-0.26572163845025,0.0477240470737359,2.50631616000349
276,8.410925,24.036606,9.232034,-0.01169094813713,-0.6403234033933232,0.7277855840285482,-0.21816948953259,0.8025030660129224,1.7785305759749417,-0.22986043766972,0.4444895359028729,2.50631616000349
277,7.863508,21.201254,9.151238,0.01484524243922,-0.5489604627635651,0.7277855840285482,-0.24768759403325,0.6839883275179988,1.7785305759749417,-0.23284235159403,0.41149787611250654,2.50631616000349
278,8.122502,21.820573,8.374732,-0.00217378349755,-0.6075562228355936,0.7277855840285482,-0.23140401442335,0.7493666508173629,1.7785305759749417,-0.2335777979209,0.40336095612552714,2.50631616000349
279,11.544698,23.713418,14.353924,-0.00329777645818,-0.6114260813156509,0.7277855840285482,-0.22831134882245,0.7617836559450031,1.7785305759749417,-0.23160912528063,0.4251421944962557,2.50631616000349
280,11.523047,20.65167,14.349898,0.07490828205616,-0.3421660509290353,0.7277855840285482,-0.31636399184789,0.4082536397573602,1.7785305759749417,-0.24145570979173,0.31620036232634385,2.50631616000349
281,9.871009,22.482184,12.648774,0.00444799546333,-0.5847577282164962,0.7277855840285482,-0.25793572430069,0.6428422410990553,1.7785305759749417,-0.25348772883735,0.18307905533350133,2.50631616000349
282,7.654418,18.61107,13.441201,0.31318436561127,0.4782080571292109,0.7277855840285482,-0.52738720490388,-0.4390013359518683,1.7785305759749417,-0.21420283929261,0.6177239658374452,2.50631616000349
283,8.318004,20.062883,13.242674,0.31203243107654,0.4742419970346734,0.7277855840285482,-0.53806597184472,-0.4818764220338215,1.7785305759749417,-0.22603354076818,0.4868300205154963,2.50631616000349
284,7.568008,19.484648,12.919229,0.30817901280564,0.46097484688767265,0.7277855840285482,-0.52002015775674,-0.4094227542342128,1.7785305759749417,-0.2118411449511,0.6438535652228332,2.50631616000349
285,7.825084,17.774447,12.865828,0.30521576840296,0.4507725263377591,0.7277855840285482,-0.50652704786069,-0.35524812419393104,1.7785305759749417,-0.20131127945774,0.7603551641332171,2.50631616000349
286,7.395212,18.599811,12.447204,0.29019759571269,0.39906561626260095,0.7277855840285482,-0.48983825088276,-0.2882428593541775,1.7785305759749417,-0.19964065517008,0.7788388191061739,2.50631616000349
287,8.849923,20.329875,12.424377,0.26782302728633,0.3220309582218248,0.7277855840285482,-0.49476551297146,-0.3080257413453017,1.7785305759749417,-0.22694248568513,0.47677352585154087,2.50631616000349
288,7.963947,19.920335,12.100933,0.27465946323601,0.34556850744135836,0.7277855840285482,-0.48758156803449,-0.2791823122034376,1.7785305759749417,-0.21292210479849,0.6318939109748023,2.50631616000349
289,9.853202,19.85732,12.027951,0.29746825037429,0.42409816146821355,0.7277855840285482,-0.52543932644999,-0.4311806337256292,1.7785305759749417,-0.2279710760757,0.4653932831313634,2.50631616000349
290,8.248083,17.592204,11.960938,0.32324605935845,0.5128500275285981,0.7277855840285482,-0.51739541631943,-0.39888445747289347,1.7785305759749417,-0.19414935696098,0.839594108132163,2.50631616000349
291,7.749022,19.046186,11.610269,0.2734122373272,0.34127436332407646,0.7277855840285482,-0.47368641239157,-0.22339347463325754,1.7785305759749417,-0.20027417506437,0.7718296051069198,2.50631616000349
292,8.902942,19.902142,11.518649,0.25941825013246,0.2930936790028651,0.7277855840285482,-0.48016628321776,-0.2494100569795128,1.7785305759749417,-0.22074803308531,0.5453084594372251,2.50631616000349
293,8.857928,18.025004,11.289338,0.34938138114945,0.602832794507173,0.7277855840285482,-0.54636421468748,-0.5151937402395035,1.7785305759749417,-0.19698283353803,0.8082447474105465,2.50631616000349
294,9.172003,19.023935,11.104946,0.31135997661114,0.4719267657952162,0.7277855840285482,-0.52053660395686,-0.4114962778357212,1.7785305759749417,-0.20917662734572,0.6733335772464801,2.50631616000349
295,10.319685,25.640244,19.616267,-0.02423817224731,-0.6835229458501938,0.7277855840285482,-0.17544541978718,0.9740395531611035,1.7785305759749417,-0.19968359203449,0.7783637690346308,2.50631616000349
296,9.377375,25.449802,19.284341,-0.02417216687535,-0.6832956922486538,0.7277855840285482,-0.17782043958904,0.9645038849500429,1.7785305759749417,-0.20199260646439,0.7528170160243355,2.50631616000349
297,11.132171,26.003589,19.107174,-0.02022273682774,-0.6696979777642409,0.7277855840285482,-0.17253819951579,0.9857119981246081,1.7785305759749417,-0.19276093634353,0.8549554840201141,2.50631616000349
298,9.89098,26.253593,18.951787,-0.0201606284701,-0.6694841414121335,0.7277855840285482,-0.16977776935708,0.996795083028847,1.7785305759749417,-0.18993839782718,0.8861838269033422,2.50631616000349
299,8.957607,24.755431,18.69389,-0.02370153850316,-0.6816753393987087,0.7277855840285482,-0.18886068768552,0.9201774575521,1.7785305759749417,-0.21256222618868,0.6358755794474857,2.50631616000349
300,9.135787,25.857119,18.400811,-0.01904276389958,-0.6656353827105153,0.7277855840285482,-0.17532025121611,0.97454210306121,1.7785305759749417,-0.1943630151157,0.8372302112086156,2.50631616000349
301,10.66655,26.496544,18.347305,-0.01702976555129,-0.6587047176607047,0.7277855840285482,-0.16897953046062,1.0,1.7785305759749417,-0.18600929601191,0.9296550985971064,2.50631616000349
302,11.542241,25.991574,18.193488,-0.01633092004451,-0.6562986232229364,0.7277855840285482,-0.17532488436839,0.9745235010256066,1.7785305759749417,-0.1916558044129,0.8671825762851104,2.50631616000349
303,9.81954,26.355407,17.820726,-0.01567352534827,-0.6540352421083757,0.7277855840285482,-0.17177332439676,0.9887829600392217,1.7785305759749417,-0.18744684974503,0.9137501178037923,2.50631616000349
304,8.950166,25.086737,17.740729,-0.0179557547835,-0.6618928579856236,0.7277855840285482,-0.18885204697244,0.9202121498830746,1.7785305759749417,-0.20680780175593,0.6995420761987596,2.50631616000349
305,10.917856,26.172429,17.418541,-0.01394439912558,-0.6480819363401477,0.7277855840285482,-0.17561296640704,0.9733668560426969,1.7785305759749417,-0.18955736553262,0.8903995380708516,2.50631616000349
306,9.542772,25.648877,17.145566,-0.01407084136354,-0.6485172714213681,0.7277855840285482,-0.18356402906672,0.9414434609667139,1.7785305759749417,-0.19763487043026,0.8010306628107713,2.50631616000349
307,9.889744,24.765412,16.8194,-0.01293284359109,-0.6445991949882793,0.7277855840285482,-0.20012322658391,0.8749585359813821,1.7785305759749417,-0.213056070175,0.6304117286457034,2.50631616000349
308,10.691111,25.399531,16.799819,-0.01205385063827,-0.6415728607926678,0.7277855840285482,-0.18907038240877,0.9193355364426608,1.7785305759749417,-0.20112423304704,0.7624246308259055,2.50631616000349
309,7.730775,19.198829,17.768782,-0.04728445811469,-0.7628702975878028,0.7277855840285482,-0.25318241803928,0.6619266931018828,1.7785305759749417,-0.30046687615397,-0.3366945145458089,2.50631616000349
310,10.726877,19.533036,17.287749,-0.02628105422963,-0.6905564989416706,0.7277855840285482,-0.26979638665739,0.5952218629833315,1.7785305759749417,-0.29607744088702,-0.28813014995484887,2.50631616000349
311,10.58177,20.363252,16.705884,-0.02196219596842,-0.6756868593160441,0.7277855840285482,-0.26739657532613,0.6048570688060859,1.7785305759749417,-0.28935877129455,-0.21379532102784027,2.50631616000349
312,11.087121,19.655321,23.632345,-0.11269335847343,-0.9880702735579521,0.7277855840285482,-0.23430661891962,0.7377127381204303,1.7785305759749417,-0.34699997739305,-0.8515330659052829,2.50631616000349
313,8.176303,18.691285,23.526083,-0.1119861169743,-0.9856352720866594,0.7277855840285482,-0.23529649136728,0.7337384153696203,1.7785305759749417,-0.34728260834159,-0.8546600723639347,2.50631616000349
314,10.584335,23.710406,9.625515,-0.02532714264753,-0.6872722231903834,0.7277855840285482,-0.23129716921452,0.7497956326980808,1.7785305759749417,-0.25662431186205,0.14837614885068406,2.50631616000349
315,10.248935,20.602002,9.586194,0.01820399340274,-0.5373964304663404,0.7277855840285482,-0.2763684087377,0.568835294759976,1.7785305759749417,-0.25816441533497,0.13133656584786624,2.50631616000349
316,10.969188,23.58867,8.702677,-0.02374930575396,-0.6818397999487764,0.7277855840285482,-0.22235284126264,0.785706972743855,1.7785305759749417,-0.24610214701659,0.2647925484018201,2.50631616000349
317,12.220203,20.698664,15.604408,0.03370198254808,-0.4840375333747484,0.7277855840285482,-0.27018138110839,0.5936761161457849,1.7785305759749417,-0.23647939856031,0.3712578761665457,2.50631616000349
318,12.065877,23.735166,15.439819,-0.00177162115645,-0.6061715955286813,0.7277855840285482,-0.22421442799132,0.7782327304756838,1.7785305759749417,-0.22598604914777,0.48735546404714425,2.50631616000349
319,11.607619,17.443716,13.969333,0.3752388517532,0.6918589320309059,0.7277855840285482,-0.58781774968753,-0.6816290498004962,1.7785305759749417,-0.21257889793433,0.6356911245723429,2.50631616000349
320,11.091082,16.596244,13.677616,0.3471424285791,0.5951241789781587,0.7277855840285482,-0.54998031853543,-0.5297123419302283,1.7785305759749417,-0.20283788995633,0.7434648663310974,2.50631616000349
321,12.089084,18.165255,13.414797,0.3483000317558,0.5991097559584477,0.7277855840285482,-0.55892805438408,-0.565637364629457,1.7785305759749417,-0.21062802262828,0.657275454645023,2.50631616000349
322,11.951606,16.860787,13.226427,0.34594822869162,0.5910126011272996,0.7277855840285482,-0.54234044646624,-0.49903837231966386,1.7785305759749417,-0.19639221777463,0.8147792734993333,2.50631616000349
323,10.547379,16.244853,12.883716,0.32163033748416,0.5072871679595037,0.7277855840285482,-0.51500360703278,-0.38928137973696664,1.7785305759749417,-0.19337326954862,0.8481806778743102,2.50631616000349
324,12.332349,17.599444,12.620898,0.32148569004506,0.5067891531689965,0.7277855840285482,-0.5184877971188,-0.4032703496893574,1.7785305759749417,-0.19700210707374,0.80803150653598,2.50631616000349
325,11.46678,16.369653,12.490641,0.31300885389931,0.47760377800054354,0.7277855840285482,-0.50121739807337,-0.3339299614362312,1.7785305759749417,-0.18820854417406,0.9053227908907293,2.50631616000349
326,12.052343,18.514165,12.282376,0.29988039015477,0.4324030529680163,0.7277855840285482,-0.5075058248939,-0.3591778990252762,1.7785305759749417,-0.20762543473914,0.6904958495469662,2.50631616000349
327,9.978233,16.602785,12.123533,0.35615642632987,0.6261589779999273,0.7277855840285482,-0.54880633212861,-0.5249988044468932,1.7785305759749417,-0.19264990579873,0.8561839171853094,2.50631616000349
328,10.779576,23.821273,7.735014,-0.01297418827258,-0.6447415429138212,0.7277855840285482,-0.20348112269877,0.8614766343932618,1.7785305759749417,-0.21645531097135,0.5928027973534751,2.50631616000349
329,11.550881,23.319229,7.337379,-0.01587180083931,-0.6547178959302988,0.7277855840285482,-0.20714675438028,0.8467591792076437,1.7785305759749417,-0.22301855521959,0.5201875821409443,2.50631616000349
330,10.119386,23.95229,6.956191,-0.00477208044258,-0.616502045290563,0.7277855840285482,-0.18827483353149,0.922529653027913,1.7785305759749417,-0.19304691397408,0.8517914501364252,2.50631616000349
331,11.543775,22.549708,6.668907,-0.01136050497553,-0.6391857020767793,0.7277855840285482,-0.20273526767232,0.8644712309268188,1.7785305759749417,-0.21409577264785,0.6189085427261409,2.50631616000349
332,11.011827,23.722082,6.558557,-0.00519090243389,-0.6179440310426776,0.7277855840285482,-0.18607670550213,0.9313551034755234,1.7785305759749417,-0.19126760793602,0.8714775513991246,2.50631616000349
333,10.689466,20.377099,7.990595,0.01110824478154,-0.5618267818439101,0.7277855840285482,-0.2315620448261,0.7487321611652329,1.7785305759749417,-0.22045380004456,0.5485638305263671,2.50631616000349
334,9.990178,20.088595,7.322123,0.01975694906141,-0.5320496722255339,0.7277855840285482,-0.21606340044751,0.8109589815057239,1.7785305759749417,-0.19630645138611,0.8157281860378316,2.50631616000349
335,11.246621,20.510559,7.14718,0.00542976199463,-0.5813775490964613,0.7277855840285482,-0.21170483537014,0.8284585536867919,1.7785305759749417,-0.20627507337551,0.7054361408611247,2.50631616000349
336,10.508616,20.354836,6.478708,0.01155446040012,-0.5602904810342253,0.7277855840285482,-0.19767909644294,0.884771681147873,1.7785305759749417,-0.18612463604282,0.9283789856184683,2.50631616000349
337,13.295768,20.740662,11.04297,0.01831316062632,-0.5370205725021779,0.7277855840285482,-0.24748325258091,0.6848087553265396,1.7785305759749417,-0.22917009195459,0.4521274662890009,2.50631616000349
338,12.921877,19.99158,10.495327,0.04313754951962,-0.4515512900102916,0.7277855840285482,-0.2626413879471,0.6239490734674116,1.7785305759749417,-0.21950383842747,0.5590741307162665,2.50631616000349
339,13.835654,20.36705,10.28391,0.02048152581873,-0.529554986220387,0.7277855840285482,-0.22997484271303,0.7551047533946855,1.7785305759749417,-0.20949331689429,0.6698297491311187,2.50631616000349
340,12.215687,23.709306,8.147445,-0.0220619750375,-0.6760303942759028,0.7277855840285482,-0.20816605601288,0.8426666987290161,1.7785305759749417,-0.23022803105038,0.4404225118157401,2.50631616000349
341,12.546379,23.783173,7.206411,-0.01304059241819,-0.6449701694755532,0.7277855840285482,-0.19085829963601,0.9121570760970048,1.7785305759749417,-0.2038988920542,0.7317260230451057,2.50631616000349
342,11.908137,17.050263,11.885112,0.30353590197944,0.4449888198981935,0.7277855840285482,-0.49265134543974,-0.2995373910126897,1.7785305759749417,-0.18911544346029,0.8952889289232517,2.50631616000349
343,10.886924,16.598256,11.687422,0.31969311754289,0.5006174046424294,0.7277855840285482,-0.50711522540617,-0.35760964805091144,1.7785305759749417,-0.18742210786328,0.9140238600264012,2.50631616000349
344,14.665745,21.729963,9.023808,-0.00611534754777,-0.6211268550358908,0.7277855840285482,-0.20197950986884,0.8675055869588237,1.7785305759749417,-0.20809485741661,0.6853021941745845,2.50631616000349
345,11.344653,18.567571,11.546904,0.32033033241388,0.5028113075034732,0.7277855840285482,-0.52912898977607,-0.4459945755969612,1.7785305759749417,-0.20879865736219,0.6775154072469816,2.50631616000349
346,14.441403,20.897792,8.507069,-5.828531791e-05,-0.6002726553607254,0.7277855840285482,-0.20358182643793,0.8610723104194193,1.7785305759749417,-0.20364011175584,0.7345891477967428,2.50631616000349
347,15.069912,22.274596,8.287693,-0.00538554444459,-0.618614174951106,0.7277855840285482,-0.18715901469851,0.927009648591157,1.7785305759749417,-0.19254455914309,0.8573494642504322,2.50631616000349
348,10.390922,17.388887,11.283038,0.37587172175768,0.694037875707064,0.7277855840285482,-0.57072207309533,-0.6129901695271011,1.7785305759749417,-0.19485035133765,0.8318383617970613,2.50631616000349
349,14.993296,21.375846,7.816447,0.00016940815244,-0.5994887167259195,0.7277855840285482,-0.18658198719683,0.9293264051926677,1.7785305759749417,-0.18641257904439,0.9251932070252744,2.50631616000349
350,10.462572,23.235242,21.090947,-0.04707248120193,-0.7621404703716601,0.7277855840285482,-0.19601842912669,0.8914392350454492,1.7785305759749417,-0.24309091032861,0.29810863293001266,2.50631616000349
351,13.355444,21.420392,12.64602,0.0139071357478,-0.5521903229692335,0.7277855840285482,-0.24589714909627,0.6911769365796341,1.7785305759749417,-0.23199001334847,0.42092807904176777,2.50631616000349
352,10.064049,24.094387,20.769806,-0.03765722719399,-0.7297241636502214,0.7277855840285482,-0.18693145681922,0.9279232899991248,1.7785305759749417,-0.22458868401322,0.5028158013647821,2.50631616000349
353,9.525626,23.093847,20.761639,-0.05038985562468,-0.7735620450532388,0.7277855840285482,-0.2023377931873,0.8660670849102443,1.7785305759749417,-0.25272764881198,0.1914885206121686,2.50631616000349
354,11.385442,23.439,20.759859,-0.03685645055456,-0.7269671247920839,0.7277855840285482,-0.1893868516035,0.9180649174618827,1.7785305759749417,-0.22624330215805,0.4845092370900166,2.50631616000349
355,10.879712,22.389354,20.752948,-0.05113256134535,-0.7761191482843043,0.7277855840285482,-0.20552034686972,0.8532891805089089,1.7785305759749417,-0.25665290821507,0.14805976106283092,2.50631616000349
356,13.421491,22.720946,12.316559,-0.00549523270712,-0.6189918268295276,0.7277855840285482,-0.22408606951271,0.7787480878058173,1.7785305759749417,-0.22958130221983,0.44757786844095326,2.50631616000349
357,13.624068,21.874305,11.783505,0.00161717036778,-0.5945041348981118,0.7277855840285482,-0.23071684069171,0.7521256428489846,1.7785305759749417,-0.22909967032393,0.4529066056403004,2.50631616000349
358,9.706913,22.188007,20.361443,-0.05872649700891,-0.8022647358048574,0.7277855840285482,-0.21760976694545,0.8047503436469965,1.7785305759749417,-0.27633626395436,-0.06971532989110307,2.50631616000349
359,9.246255,23.891123,20.224589,-0.03720873528357,-0.7281800256675395,0.7277855840285482,-0.19186998693519,0.9080951670507016,1.7785305759749417,-0.22907872221876,0.45313837381891475,2.50631616000349
360,11.696087,22.653127,20.222809,-0.03632065496988,-0.7251224040869034,0.7277855840285482,-0.19818368327393,0.8827457727321946,1.7785305759749417,-0.23450433824381,0.3931097872818201,2.50631616000349
361,13.653142,20.49949,13.916718,0.04516333859716,-0.4445765870405046,0.7277855840285482,-0.25521559948264,0.6537635006764628,1.7785305759749417,-0.21005226088549,0.6636456370247279,2.50631616000349
362,14.917422,21.403819,13.31191,0.01999313251516,-0.5312365029501396,0.7277855840285482,-0.21270725982406,0.8244338348226592,1.7785305759749417,-0.1927141273089,0.8554733754766843,2.50631616000349
363,9.026627,22.875002,19.921982,-0.04483683759603,-0.7544432474621601,0.7277855840285482,-0.20724193647003,0.8463770245718041,1.7785305759749417,-0.25207877406607,0.1986676194751842,2.50631616000349
364,11.098325,21.908728,19.901773,-0.04518334243575,-0.7556362484322192,0.7277855840285482,-0.21247777896648,0.8253551969590756,1.7785305759749417,-0.25766112140223,0.13690497010935232,2.50631616000349
365,14.209797,20.722746,13.111501,0.03517627642365,-0.47896160420409495,0.7277855840285482,-0.23736175570444,0.7254464106158622,1.7785305759749417,-0.20218547928079,0.7506830864398484,2.50631616000349
366,14.058306,21.543448,16.512209,0.00560457300119,-0.5807756824657625,0.7277855840285482,-0.21466131181242,0.8165883459498628,1.7785305759749417,-0.20905673881123,0.6746600145089425,2.50631616000349
367,8.033013,18.501128,18.929702,-0.06981376049246,-0.8404376978387091,0.7277855840285482,-0.2470992502839,0.6863505186809775,1.7785305759749417,-0.31691301077636,-0.5186532471252576,2.50631616000349
368,10.811782,18.521694,18.725885,-0.05944494093335,-0.8047383067353029,0.7277855840285482,-0.25437869739781,0.6571236497580975,1.7785305759749417,-0.31382363833117,-0.4844726747598006,2.50631616000349
369,14.920186,21.301562,16.052502,0.01151553875149,-0.5604244865638723,0.7277855840285482,-0.2047688322391,0.8563065002667221,1.7785305759749417,-0.19325329348762,0.8495080835231557,2.50631616000349
370,14.086408,20.649714,16.046534,0.01911184698919,-0.5342707303745847,0.7277855840285482,-0.22484014947587,0.7757204682770578,1.7785305759749417,-0.20572830248668,0.7114855707257808,2.50631616000349
371,14.709454,23.331513,15.491732,0.00534495840647,-0.5816695241321379,0.7277855840285482,-0.19696348461538,0.8876448517000421,1.7785305759749417,-0.19161852620892,0.8675950193852542,2.50631616000349
372,13.984207,24.028288,15.216783,0.003129704549,-0.5892965460318169,0.7277855840285482,-0.19864386088119,0.880898166671161,1.7785305759749417,-0.19551415633219,0.8244940758441806,2.50631616000349
373,7.816095,19.555872,24.3119,-0.11194214915042,-0.9854838927968849,0.7277855840285482,-0.23439012384075,0.7373774671381579,1.7785305759749417,-0.34633227299117,-0.8441456372180336,2.50631616000349
374,10.255214,21.243121,24.308624,-0.11170895347489,-0.9846810103108979,0.7277855840285482,-0.23965827939532,0.7162259030908631,1.7785305759749417,-0.35136723287022,-0.8998520350565291,2.50631616000349
375,14.802968,23.895317,14.652826,0.00555511744956,-0.5809459557615614,0.7277855840285482,-0.19105351888417,0.9113732737988476,1.7785305759749417,-0.18549840143461,0.9353075957887969,2.50631616000349
376,10.934526,20.576503,23.996579,-0.10859809327924,-0.9739704550582554,0.7277855840285482,-0.23413349599158,0.7384078240309662,1.7785305759749417,-0.34273158927082,-0.8043079573487242,2.50631616000349
377,13.847588,24.14516,14.222298,0.00336963055124,-0.5884704913260701,0.7277855840285482,-0.19945569810496,0.8776386526236586,1.7785305759749417,-0.19608606755372,0.8181664953271215,2.50631616000349
378,10.800938,20.588854,10.618515,0.04113827064586,-0.45843471951084913,0.7277855840285482,-0.30289998400761,0.46231142548844284,1.7785305759749417,-0.26176171336175,0.09153634502440777,2.50631616000349
379,11.513052,21.369519,19.063692,-0.03490200910131,-0.7202380685643689,0.7277855840285482,-0.21990199198051,0.7955470951594259,1.7785305759749417,-0.25480400108182,0.16851592333729348,2.50631616000349
380,11.488864,23.561451,10.544366,-0.02552238089671,-0.6879444199217556,0.7277855840285482,-0.23199878567932,0.7469786533135259,1.7785305759749417,-0.25752116657604,0.13845341923594767,2.50631616000349
381,13.454614,21.39342,18.302967,-0.01095787487023,-0.6377994642782363,0.7277855840285482,-0.20668362625756,0.8486186315431612,1.7785305759749417,-0.21764150112779,0.5796788832897903,2.50631616000349
382,11.476786,20.534673,16.283603,0.02422267718689,-0.5166743660969859,0.7277855840285482,-0.27242163577997,0.5846815278734114,1.7785305759749417,-0.24819895859308,0.24159359097649236,2.50631616000349
383,14.140957,21.675601,17.62415,-0.00397614403413,-0.6137616711354614,0.7277855840285482,-0.20157381951925,0.8691344275129484,1.7785305759749417,-0.20554996355337,0.7134586985773845,2.50631616000349
384,13.710571,20.812648,17.307422,0.0019293192663,-0.5934294199272092,0.7277855840285482,-0.2156725090457,0.8125284045106593,1.7785305759749417,-0.21374318977939,0.6228094916936184,2.50631616000349
385,10.837719,23.761807,15.741808,-0.00342489805813,-0.611863755410415,0.7277855840285482,-0.22723253856265,0.7661150626524689,1.7785305759749417,-0.23065743662077,0.4356716025507539,2.50631616000349
386,13.250985,23.509687,19.758409,-0.0207389712682,-0.6714753503075637,0.7277855840285482,-0.18329915001196,0.9425069463238769,1.7785305759749417,-0.20403812128016,0.7301856019020605,2.50631616000349
387,7.943785,19.301425,19.8183,-0.08432069742155,-0.89038444560413,0.7277855840285482,-0.24160548133568,0.7084079170561091,1.7785305759749417,-0.32592617875724,-0.6183742247277293,2.50631616000349
388,11.088715,19.709766,19.319385,-0.06935244734434,-0.838849416896795,0.7277855840285482,-0.24630623694571,0.68953445511553,1.7785305759749417,-0.31565868429005,-0.5047754780974472,2.50631616000349
389,13.824112,24.111106,19.186892,-0.01489329746142,-0.651348951704376,0.7277855840285482,-0.17672105108622,0.9689179129887717,1.7785305759749417,-0.19161434854764,0.8676412406992047,2.50631616000349
390,13.747941,22.852442,19.166334,-0.01633967301156,-0.6563287593047008,0.7277855840285482,-0.18728938899555,0.9264861977808312,1.7785305759749417,-0.20362906200711,0.7347114013426606,2.50631616000349
391,10.995998,19.479478,18.349735,-0.04994348391298,-0.772025206821786,0.7277855840285482,-0.25128315445581,0.6695522073662843,1.7785305759749417,-0.3012266383688,-0.3451004635938003,2.50631616000349
392,14.104202,23.33041,18.361117,-0.01087945650541,-0.6375294732865482,0.7277855840285482,-0.18537076222329,0.93418945495233,1.7785305759749417,-0.1962502187287,0.8163503397114351,2.50631616000349
393,12.893803,25.143107,17.81613,-0.01195559813351,-0.6412345817268282,0.7277855840285482,-0.18166802985693,0.949055868820674,1.7785305759749417,-0.19362362799044,0.8454107318772663,2.50631616000349
394,7.527092,20.389064,23.798277,-0.10303555214066,-0.9548188698172447,0.7277855840285482,-0.23286846864798,0.7434868894842486,1.7785305759749417,-0.33590402078864,-0.7287682797198227,2.50631616000349
395,12.454223,25.344135,16.915417,-0.00974868350129,-0.6336362714140376,0.7277855840285482,-0.18359092741996,0.9413354644894973,1.7785305759749417,-0.19333961092125,0.8485530742651479,2.50631616000349
396,10.5068,21.745482,23.463576,-0.09604909084734,-0.9307647899176763,0.7277855840285482,-0.22725577239519,0.766021779169864,1.7785305759749417,-0.32330486324254,-0.5893721972180976,2.50631616000349
397,13.232023,24.804619,16.591393,-0.00689565069242,-0.6238134045491962,0.7277855840285482,-0.1867136094358,0.928797943914563,1.7785305759749417,-0.19360926012822,0.8455696967683761,2.50631616000349
398,11.947913,24.724619,16.289387,-0.00713900974438,-0.624651279094601,0.7277855840285482,-0.19828914863905,0.8823223309028865,1.7785305759749417,-0.20542815838343,0.7148063413428603,2.50631616000349
399,10.152705,23.389793,12.263486,-0.008266922492,-0.6285346332293951,0.7277855840285482,-0.23802871414631,0.7227685826637511,1.7785305759749417,-0.24629563663832,0.2626517945319513,2.50631616000349
400,9.618345,21.087571,11.88291,0.08459993239471,-0.30879812376037563,0.7277855840285482,-0.33258357359857,0.3431322668847936,1.7785305759749417,-0.24798364120387,0.24397584553919227,2.50631616000349
401,10.859667,23.821369,11.65756,-0.01468149442349,-0.6506197231316491,0.7277855840285482,-0.22757721831642,0.7647311787082396,1.7785305759749417,-0.24225871273991,0.30731600122489255,2.50631616000349
402,10.404508,20.560264,11.539783,0.10393395733004,-0.24223192364139157,0.7277855840285482,-0.35271576364158,0.26230183150829145,1.7785305759749417,-0.24878180631154,0.23514500992247234,2.50631616000349
403,8.750699,21.449216,12.244548,0.080117680333,-0.32423032107684324,0.7277855840285482,-0.31801425932404,0.4016278410588625,1.7785305759749417,-0.23789657899105,0.35557830397924395,2.50631616000349
404,9.227345,23.737899,12.048731,-0.0018936920941,-0.6065918804146014,0.7277855840285482,-0.22781570164347,0.763773671794471,1.7785305759749417,-0.22970939373757,0.44616067402066584,2.50631616000349
405,7.063506,23.139174,10.868588,0.00991846370217,-0.5659231459321967,0.7277855840285482,-0.22569792045943,0.7722765308859263,1.7785305759749417,-0.21577945675726,0.6002803949183686,2.50631616000349
406,6.886216,22.150857,10.741995,0.02400316117956,-0.5174301500851687,0.7277855840285482,-0.2412560378965,0.7098109271244644,1.7785305759749417,-0.21725287671695,0.5839785930312884,2.50631616000349
407,6.308819,22.836557,10.247981,0.01371101948752,-0.552865542654325,0.7277855840285482,-0.21528792928553,0.8140724863708606,1.7785305759749417,-0.20157690979801,0.7574162510597235,2.50631616000349
408,7.109913,23.921903,10.245468,0.001693426075,-0.5942415898417152,0.7277855840285482,-0.21099537976962,0.8313070070814705,1.7785305759749417,-0.20930195369463,0.671946976435404,2.50631616000349
409,7.046697,21.393237,10.066835,0.03062130324567,-0.4946441771352985,0.7277855840285482,-0.25037612878268,0.6731939015833632,1.7785305759749417,-0.21975482553701,0.556297229189296,2.50631616000349
410,6.307218,21.982887,9.697005,0.01915748276851,-0.5341136083873648,0.7277855840285482,-0.22197862286531,0.7872094538905885,1.7785305759749417,-0.2028211400968,0.7436501854520303,2.50631616000349
411,6.425536,23.593823,9.570308,0.00552754585493,-0.5810408835529488,0.7277855840285482,-0.20216350038822,0.8667668678351286,1.7785305759749417,-0.19663595453329,0.8120825892809993,2.50631616000349
412,7.39527,24.169774,9.316704,-0.00297622890794,-0.6103190071989764,0.7277855840285482,-0.20544189124266,0.8536041786526503,1.7785305759749417,-0.2084181201506,0.6817256408556722,2.50631616000349
413,6.882972,21.461628,9.06132,0.01891754976572,-0.5349396871956982,0.7277855840285482,-0.2288620436679,0.7595726245558585,1.7785305759749417,-0.20994449390219,0.6648379624036338,2.50631616000349
414,6.210166,22.766737,9.043729,0.01009141415614,-0.5653276851024862,0.7277855840285482,-0.20355934313922,0.8611625805201657,1.7785305759749417,-0.19346792898308,0.8471333733789681,2.50631616000349
415,6.839307,23.626504,8.656622,0.0019103413958,-0.5934947599032236,0.7277855840285482,-0.19925461178979,0.8784460111062045,1.7785305759749417,-0.19734427039399,0.8042458386257159,2.50631616000349
416,7.817382,23.738872,8.455372,-0.00550563297045,-0.6190276344801555,0.7277855840285482,-0.20779931826821,0.8441391451696341,1.7785305759749417,-0.21330495123866,0.6276581282437619,2.50631616000349
417,6.771896,22.22521,8.383647,0.00924284848336,-0.568249259507056,0.7277855840285482,-0.20908202476403,0.8389890981903485,1.7785305759749417,-0.19983917628068,0.7766423972414362,2.50631616000349
418,8.063865,22.803518,8.082506,-0.00619639835064,-0.6214059093963613,0.7277855840285482,-0.2179574735878,0.8033543067913733,1.7785305759749417,-0.22415387193844,0.5076265277666865,2.50631616000349
419,8.054456,22.596497,14.312064,0.02233037811531,-0.5231894688293499,0.7277855840285482,-0.24925855237281,0.6776809537909625,1.7785305759749417,-0.2269281742575,0.476931866354811,2.50631616000349
420,8.071641,21.644886,13.962442,0.06800194437811,-0.3659442687343859,0.7277855840285482,-0.29795807660616,0.48215310818645873,1.7785305759749417,-0.22995613222806,0.44343077887880056,2.50631616000349
421,8.25786,23.089557,13.460955,0.01807197520711,-0.5378509633253312,0.7277855840285482,-0.23950988725435,0.7168216952692321,1.7785305759749417,-0.22143791204724,0.5376756931715816,2.50631616000349
422,8.092633,22.161034,13.09953,0.049567841814,-0.4294120755878935,0.7277855840285482,-0.27589935483976,0.5707185389924483,1.7785305759749417,-0.22633151302576,0.4835332790271176,2.50631616000349
423,8.447557,23.510449,18.226364,-0.02513688065931,-0.686617159507304,0.7277855840285482,-0.21028984822434,0.8341397054543256,1.7785305759749417,-0.23542672888364,0.3829045302034719,2.50631616000349
424,7.205435,22.592475,17.086939,-0.02131915753644,-0.6734729061898557,0.7277855840285482,-0.21840244533437,0.8015677520286446,1.7785305759749417,-0.23972160287081,0.3353863841322384,2.50631616000349
425,7.256794,23.335297,16.387564,-0.01367722221588,-0.6471620579548787,0.7277855840285482,-0.21185921301628,0.8278387297966323,1.7785305759749417,-0.22553643523217,0.49232995684506164,2.50631616000349
426,6.936988,22.073522,16.274427,-0.00818826782402,-0.6282638286562883,0.7277855840285482,-0.22931559233788,0.7577516335767054,1.7785305759749417,-0.2375038601619,0.35992331404105715,2.50631616000349
427,8.023196,23.559048,15.780899,-0.00976772338021,-0.633701824882323,0.7277855840285482,-0.21899780280178,0.799177400894834,1.7785305759749417,-0.22876552618199,0.45660354999605657,2.50631616000349
428,7.145993,22.75837,15.563248,-0.00122631427489,-0.6042941278453822,0.7277855840285482,-0.22581470175632,0.7718076557634839,1.7785305759749417,-0.22704101603121,0.47568339389622305,2.50631616000349
429,7.835297,16.790436,17.872207,-0.0141481637165,-0.6487834888922785,0.7277855840285482,-0.2402881702963,0.7136969007489848,1.7785305759749417,-0.2544363340128,0.17258376270661224,2.50631616000349
430,7.938305,16.034223,17.219783,0.00527354729882,-0.581915389444635,0.7277855840285482,-0.23917716649994,0.7181575640137798,1.7785305759749417,-0.23390361920112,0.3997560952535062,2.50631616000349
431,7.78759,17.41463,17.075611,0.002541305962551643,-0.5913223765656173,0.7277855840285482,-0.2619784079372258,0.6266109280758552,1.7785305759749417,-0.2594371019746742,0.11725566153518341,2.50631616000349
432,8.641688,15.86196,16.529162,0.02833499038255005,-0.5025158520757267,0.7277855840285482,-0.25917408462494884,0.6378702433209209,1.7785305759749417,-0.2308390942423988,0.43366175699409837,2.50631616000349
433,7.950063,16.647034,16.411383,0.031329389116101836,-0.49220626853063654,0.7277855840285482,-0.2696895044036578,0.5956509935987657,1.7785305759749417,-0.23836011528755607,0.35044977506023645,2.50631616000349
434,9.436501,16.329104,19.793848,-0.05049456674135011,-0.7739225608366962,0.7277855840285482,-0.22881254007607388,0.7597713807205606,1.7785305759749417,-0.27930710681742443,-0.10258450033556499,2.50631616000349
435,11.097097,16.550116,18.368136,-0.019348500238502986,-0.6666880195198949,0.7277855840285482,-0.23715990995939817,0.7262568181977382,1.7785305759749417,-0.25650841019790116,0.14965847569505142,2.50631616000349
436,11.521927,17.251603,17.761206,-0.003987655657130329,-0.6138013051487048,0.7277855840285482,-0.2517908617871294,0.6675137701894687,1.7785305759749417,-0.2557785174442597,0.1577339513871152,2.50631616000349
437,10.931972,15.905611,17.602443,0.002783111752219458,-0.5904898498341788,0.7277855840285482,-0.24120307089876802,0.7100235888109532,1.7785305759749417,-0.23841995914654834,0.3497876673379714,2.50631616000349
438,11.414421,16.591427,17.007318,0.02645246481797703,-0.5089973050520018,0.7277855840285482,-0.26509955713733735,0.6140795617326475,1.7785305759749417,-0.23864709231936043,0.3472746838801215,2.50631616000349
439,11.175825,17.628533,16.879592,0.035137078133001376,-0.4790965622000821,0.7277855840285482,-0.2931417327546031,0.5014906551504292,1.7785305759749417,-0.25800465462160194,0.13310414574356177,2.50631616000349
440,7.432727,20.446517,15.270639,0.06729920756992169,-0.3683637607522823,0.7277855840285482,-0.3104453719296014,0.4320168082850391,1.7785305759749417,-0.2431461643596795,0.2974973067008313,2.50631616000349
441,7.74649,20.764514,14.365018,0.10774323788085616,-0.22911673772934582,0.7277855840285482,-0.34086569260076205,0.30987968565259827,1.7785305759749417,-0.23312245471990556,0.4083988372838645,2.50631616000349
442,7.328002,18.067911,15.961268,0.05955212620748662,-0.3950366221991274,0.7277855840285482,-0.3000516478658499,0.4737474515713096,1.7785305759749417,-0.2404995216583634,0.3267795521998129,2.50631616000349
443,7.927793,17.336948,15.599842,0.0840761765273006,-0.3106013922468954,0.7277855840285482,-0.3202269801100148,0.3927438009164399,1.7785305759749417,-0.236150803582714,0.37489342500693645,2.50631616000349
444,7.277998,17.810331,14.993177,0.11108343350545247,-0.2176165906504448,0.7277855840285482,-0.334337203397131,0.3360914700413269,1.7785305759749417,-0.22325376989167856,0.517585185614343,2.50631616000349
445,11.339908,17.608931,15.893031,0.12431686103702155,-0.17205447990149292,0.7277855840285482,-0.3599856399079895,0.23311338939187087,1.7785305759749417,-0.23566877887096815,0.3802265082897305,2.50631616000349
446,10.655723,16.961458,15.469002,0.1525601421414221,-0.07481410143395784,0.7277855840285482,-0.3818402543678905,0.14536744630244836,1.7785305759749417,-0.22928011222646827,0.45091021070349946,2.50631616000349
447,10.047005,17.295223,21.33517,-0.10198603365613201,-0.951205423692946,0.7277855840285482,-0.23264755416187666,0.7443738577700914,1.7785305759749417,-0.3346335878180082,-0.7147123098234929,2.50631616000349
448,10.995733,17.510512,21.072025,-0.09709945793432795,-0.9343811577430362,0.7277855840285482,-0.22942228591529967,0.7573232604937827,1.7785305759749417,-0.32652174384962773,-0.6249635098009463,2.50631616000349
449,10.414157,16.894571,20.488969,-0.08166892327345276,-0.8812545034837995,0.7277855840285482,-0.2283974399616593,0.7614380013366628,1.7785305759749417,-0.31006636323511216,-0.4429024802959749,2.50631616000349
450,8.059344,22.318899,21.367081,-0.07421294817815682,-0.8555839081506628,0.7277855840285482,-0.2135855502490438,0.8209075121877754,1.7785305759749417,-0.2877984984272004,-0.19653258544044427,2.50631616000349
451,7.756955,21.718902,20.588258,-0.07054869820101206,-0.8429680561446543,0.7277855840285482,-0.21692096117852522,0.8075158882753468,1.7785305759749417,-0.2874696593795374,-0.1928943362281379,2.50631616000349
452,11.93811,17.395982,22.646641,-0.08014404166049571,-0.8760044029514281,0.7277855840285482,-0.1990767530041302,0.8791601114127139,1.7785305759749417,-0.2792207946646261,-0.10162954950426129,2.50631616000349
453,11.529825,16.4837,22.503529,-0.0755075736885853,-0.8600412470180006,0.7277855840285482,-0.1952832354729399,0.8943910263305355,1.7785305759749417,-0.2707908091615252,-0.00836085670643627,2.50631616000349
454,11.665746,18.208208,22.101518,-0.09201106259399616,-0.9168620356956615,0.7277855840285482,-0.21706349807060898,0.8069436048317806,1.7785305759749417,-0.30907456066460526,-0.43192925510707336,2.50631616000349
455,10.705075,16.261069,21.939572,-0.07727295893072106,-0.8661193910003417,0.7277855840285482,-0.20289401367440552,0.8638338681542919,1.7785305759749417,-0.2801669726051266,-0.11209798739566135,2.50631616000349
456,11.785653,17.046739,21.717411,-0.07557950065476837,-0.8602888884088081,0.7277855840285482,-0.20314519148406163,0.8628253930868479,1.7785305759749417,-0.2787246921388298,-0.09614071040036198,2.50631616000349
457,9.014496,16.234964,23.884904,-0.0805361936006358,-0.8773545648867586,0.7277855840285482,-0.1892639679381718,0.9185582935003525,1.7785305759749417,-0.2698001615388077,0.002599590231479265,2.50631616000349
458,8.348575,16.850652,23.449071,-0.08637904787846262,-0.8974712559753875,0.7277855840285482,-0.1992411922308126,0.8784998904304302,1.7785305759749417,-0.28562024010927534,-0.1724325077102835,2.50631616000349
459,8.767275,16.076971,22.923047,-0.07765043742745492,-0.8674190329134068,0.7277855840285482,-0.19341581969546673,0.9018886721405359,1.7785305759749417,-0.27106625712292187,-0.011408391163505338,2.50631616000349
460,8.501935,16.90823,22.432702,-0.08873702560225638,-0.9055896698888474,0.7277855840285482,-0.21006822486006738,0.8350295198751854,1.7785305759749417,-0.298805250462324,-0.31831041932736537,2.50631616000349
461,10.834287,17.475293,25.056914,-0.09011612401434599,-0.9103378452527456,0.7277855840285482,-0.19329417679645222,0.9023770665212167,1.7785305759749417,-0.28341030081079843,-0.14798191411725026,2.50631616000349
462,11.533213,18.081252,24.647607,-0.0904272133584838,-0.9114089122243684,0.7277855840285482,-0.1962056142001305,0.8906876898360181,1.7785305759749417,-0.2866328275586141,-0.18363569515450495,2.50631616000349
463,11.551598,17.005922,24.541633,-0.07857553994914246,-0.8706041203328763,0.7277855840285482,-0.18449165237715914,0.9377190675505975,1.7785305759749417,-0.26306719232630194,0.0770926290234697,2.50631616000349
464,9.504708,18.213843,26.668689,-0.09253823486438373,-0.918677066707837,0.7277855840285482,-0.18532026332083973,0.9343922072739785,1.7785305759749417,-0.27785849818522346,-0.08655720901325714,2.50631616000349
465,10.273571,17.87347,26.088153,-0.09153564206119946,-0.9152251836468681,0.7277855840285482,-0.1868518242332189,0.928243013615029,1.7785305759749417,-0.27838746629441813,-0.09240967033222103,2.50631616000349
466,9.179325,17.666817,25.892253,-0.09255171868297063,-0.9187234909040106,0.7277855840285482,-0.18889277317294995,0.9200486348103769,1.7785305759749417,-0.28144449185592046,-0.12623235933518295,2.50631616000349
467,9.670614,20.074419,28.165968,-0.08762363410040885,-0.901756311766539,0.7277855840285482,-0.17406514470587342,0.9795813365201416,1.7785305759749417,-0.26168877880628205,0.09234328717701135,2.50631616000349
468,9.008513,19.440787,27.720055,-0.09331962299952057,-0.9213673517958153,0.7277855840285482,-0.1824369545073683,0.9459686480993381,1.7785305759749417,-0.27575657750688887,-0.06330172488924868,2.50631616000349
469,8.710796,22.472043,26.512177,-0.09273737627815004,-0.9193627018637389,0.7277855840285482,-0.18876133994161082,0.9205763372257318,1.7785305759749417,-0.28149871621976086,-0.1268322934075875,2.50631616000349
470,7.88251,22.248688,25.95525,-0.09283908248181083,-0.9197128718634607,0.7277855840285482,-0.19395751576160092,0.8997137707128313,1.7785305759749417,-0.2867965982434115,-0.18544764105690814,2.50631616000349
471,8.386281,23.528381,12.554335,0.009758885497983982,-0.5664725666922302,0.7277855840285482,-0.22907689276649013,0.7587100087081942,1.7785305759749417,-0.21931800726850614,0.5611301519598724,2.50631616000349
472,7.721575,22.759509,12.369311,0.027423343519801247,-0.5056546122514565,0.7277855840285482,-0.24535945872732556,0.6933357551943344,1.7785305759749417,-0.21793611520752432,0.5764192964154657,2.50631616000349
473,7.845667,22.026136,7.43516,0.005443368464835396,-0.5813307026161431,0.7277855840285482,-0.20444170846812737,0.8576198972082985,1.7785305759749417,-0.1989983400032922,0.7859453433046413,2.50631616000349
474,8.207617,23.050485,7.103842,0.0005556919441479513,-0.5981587585683419,0.7277855840285482,-0.19277439361087856,0.9044639880683283,1.7785305759749417,-0.1922187016667305,0.8609547255936776,2.50631616000349
475,8.121521,22.192604,6.485107,0.006618800471846931,-0.577283741754827,0.7277855840285482,-0.18627005198613666,0.9305788202968237,1.7785305759749417,-0.17965125151428962,1.0,2.50631616000349
