point_index,x,y,z,t1_exe_effect,t1_exe_effect_normalized,t1_exe_baseline,t2_exe_effect,t2_exe_effect_normalized,t2_exe_baseline,t3_exe_effect,t3_exe_effect_normalized,t3_exe_baseline
0,0.567627,2.47457,-0.895792,-0.06484941837154912,-0.8568272868321772,2.0886432596752122,0.05767202796706172,0.6183789876241015,2.7592914314515546,-0.022121861173880486,-0.3713638107382684,2.8707995259007903
1,3.386174,0.840029,1.699955,0.010568640343279867,0.30931906230424033,2.0886432596752122,-0.022292568896282727,-0.6631591695827499,2.7592914314515546,0.039232291414049936,0.4957822511579446,2.8707995259007903
2,3.301212,1.79498,1.412066,0.00039213600118959135,0.15196559036760338,2.0886432596752122,-0.017491605706075664,-0.586217400838384,2.7592914314515546,0.04856466410082527,0.6276809064590199,2.8707995259007903
3,2.491566,0.497108,1.404295,0.0009927385339123518,0.16125236415563005,2.0886432596752122,-0.02741990258985849,-0.745331456204528,2.7592914314515546,0.05438108139953357,0.7098869698170216,2.8707995259007903
4,4.306793,0.585986,1.401205,0.01017582142745388,0.30324512785978164,2.0886432596752122,-0.02422650924862113,-0.6941531150598867,2.7592914314515546,0.02292047891809723,0.2652400079416741,2.8707995259007903
5,4.679169,0.160874,-0.85379,0.0028000522571169917,0.18919782358502846,2.0886432596752122,-0.027152373379190742,-0.7410439476684185,2.7592914314515546,0.019910575066050207,0.22269967184546235,2.8707995259007903
6,3.372509,2.272609,-0.933369,-0.003682880072295447,0.08895594522763339,2.0886432596752122,-0.015323205895841685,-0.5514659332402428,2.7592914314515546,0.04249777696227364,0.5419348392694496,2.8707995259007903
7,2.257317,0.150396,-1.064909,0.0003862793435134293,0.1518750322163651,2.0886432596752122,-0.029952699330227706,-0.7859228653349877,2.7592914314515546,0.056401364837332935,0.7384405518177042,2.8707995259007903
8,4.247918,0.83631,-1.462618,0.011767126478707812,0.32785056861898854,2.0886432596752122,-0.021631887687134643,-0.6525708816092636,2.7592914314515546,0.02690226865996781,0.32151644805733537,2.8707995259007903
9,2.974479,1.536612,-1.501752,-0.0031295546580456524,0.09751169994616382,2.0886432596752122,-0.02047770666688553,-0.6340736081183345,2.7592914314515546,0.05533202450180719,0.7233270799227254,2.8707995259007903
10,3.168172,0.150369,-1.533771,0.006478592246054404,0.24607698557024982,2.0886432596752122,-0.031195673140737235,-0.805843160428815,2.7592914314515546,0.03368206497496473,0.41733838393335243,2.8707995259007903
11,2.166173,1.481159,1.699935,-0.01563676646041179,-0.0958801697167102,2.0886432596752122,-0.02031232763599089,-0.6314231909736627,2.7592914314515546,0.04796011623257712,0.6191365572818746,2.8707995259007903
12,1.763008,2.350288,1.412795,-0.026060571736188365,-0.25705751468681737,2.0886432596752122,-0.004013095557015678,-0.3702064943138471,2.7592914314515546,0.030065071514169706,0.3662177750888622,2.8707995259007903
13,2.733717,2.584867,1.170593,-0.016863046021037498,-0.1148414298845366,2.0886432596752122,-0.01215883900056447,-0.5007527791849531,2.7592914314515546,0.036776606569282055,0.4610749436232695,2.8707995259007903
14,0.909804,2.268301,0.849561,-0.050559809594703964,-0.6358752311883851,2.0886432596752122,0.03597530970671503,0.2706604543296911,2.7592914314515546,-0.0029670769515628415,-0.1006405588597643,2.8707995259007903
15,3.30332,2.703296,0.348492,-0.006824738577092759,0.04037518237975357,2.0886432596752122,-0.011856925711863031,-0.49591422043751243,2.7592914314515546,0.03459729536798095,0.43027375012383695,2.8707995259007903
16,1.541423,2.6499,-1.080189,-0.029767432882133793,-0.3143745905405604,2.0886432596752122,0.008933145054643266,-0.16272590931727327,2.7592914314515546,0.021867158455211033,0.25035295217152975,2.8707995259007903
17,2.490013,2.425859,-1.382684,-0.019741926634340157,-0.15935591585793918,2.0886432596752122,-0.0127498583468455,-0.5102246439052989,2.7592914314515546,0.03753426643314661,0.47178329406891195,2.8707995259007903
18,1.214876,1.745466,-1.389238,-0.02503802396769572,-0.24124644281139096,2.0886432596752122,-0.0020388193654685693,-0.33856611380074986,2.7592914314515546,0.024779867654578958,0.2915195921648208,2.8707995259007903
19,1.716748,0.877659,-1.521058,-0.0038613425479301355,0.08619648193773144,2.0886432596752122,-0.023305219820534795,-0.6793882365732031,2.7592914314515546,0.04716257396183954,0.6078645306937034,2.8707995259007903
20,0.953137,0.775225,1.699922,-0.004377268883893226,0.07821900779746449,2.0886432596752122,-0.01352895610898397,-0.5227107133602755,2.7592914314515546,0.016986380250139543,0.18137070042498382,2.8707995259007903
21,-0.00459,0.838118,1.406696,-0.049122870508941485,-0.6136566631511271,2.0886432596752122,-0.01604981567246222,-0.5631108134830596,2.7592914314515546,-0.028144372657849193,-0.4564826966777922,2.8707995259007903
22,-0.198831,0.090254,-1.043128,-0.02422845993421463,-0.22872861673467038,2.0886432596752122,-0.013541312491744062,-0.5229087406950368,2.7592914314515546,-0.017920878340170532,-0.31198941525420787,2.8707995259007903
23,0.06578,0.970531,-1.441211,-0.052776614177968195,-0.6701524138098222,2.0886432596752122,-0.016022161883532338,-0.5626676250334817,2.7592914314515546,-0.029382550265731666,-0.47398242230866283,2.8707995259007903
24,0.675506,0.099427,-1.530621,0.001461147854369571,0.16849510983565463,2.0886432596752122,-0.019892661379881105,-0.6246974855791125,2.7592914314515546,0.011527825175463136,0.10422246616544362,2.8707995259007903
25,0.974153,-0.63725,1.699928,-0.003092894229379972,0.09807855920739073,2.0886432596752122,-0.026156460072962684,-0.7250831230877303,2.7592914314515546,0.024290836696698737,0.28460789586743607,2.8707995259007903
26,0.128943,-0.180979,1.409136,-0.008577299856197929,0.013276328708722973,2.0886432596752122,-0.01940141814670726,-0.61682466469992,2.7592914314515546,-0.000404795247660239,-0.06442666957454346,2.8707995259007903
27,1.893532,-0.352994,1.40071,-0.0021166748136876024,0.11317328223480683,2.0886432596752122,-0.030702338569589482,-0.7979368230996146,2.7592914314515546,0.055767124746616936,0.7294765489953545,2.8707995259007903
28,0.472288,-1.45066,1.400617,-0.001758097210149412,0.11871776283234192,2.0886432596752122,-0.023975871078039113,-0.6901363077244819,2.7592914314515546,0.020814840452749284,0.23548006462916793,2.8707995259007903
29,0.992607,-2.050563,-0.926655,-0.0035059192567228337,0.09169218920602207,2.0886432596752122,-0.01968011207400755,-0.6212911025490037,2.7592914314515546,0.037537069240986654,0.4718229074231548,2.8707995259007903
30,0.400689,-1.366507,-1.420327,-0.0013966019261517637,0.12430735785570213,2.0886432596752122,-0.024309850361398766,-0.695488766339054,2.7592914314515546,0.019074885367870387,0.2108884903658501,2.8707995259007903
31,1.40301,-1.290392,-1.503371,-0.007374890587954486,0.03186849618457677,2.0886432596752122,-0.02758870467879726,-0.7480367323701911,2.7592914314515546,0.050881732868048424,0.6604290901090297,2.8707995259007903
32,2.211978,-1.290331,1.699951,-0.006203060011356065,0.049987842823739026,2.0886432596752122,-0.024355958455948734,-0.6962277093818465,2.7592914314515546,0.07490777223483569,1.0,2.8707995259007903
33,1.412811,-1.817087,1.403074,-0.0063431441542478595,0.0478218017642249,2.0886432596752122,-0.023056319806048275,-0.6753992854822732,2.7592914314515546,0.052840719237528866,0.688116332845677,2.8707995259007903
34,3.132597,-1.544374,1.401201,-0.009776539139158658,-0.005266823095987361,2.0886432596752122,-0.02635097254880625,-0.7282004421217061,2.7592914314515546,0.07451908292972087,0.9945064777848827,2.8707995259007903
35,2.390745,-2.234443,1.393805,-0.005630853198431041,0.05883554982143058,2.0886432596752122,-0.019536563987741395,-0.6189905550922525,2.7592914314515546,0.06997755217410351,0.930318964086114,2.8707995259007903
36,3.224693,-2.368292,0.81709,-0.006708597668051208,0.04217100289505349,2.0886432596752122,-0.020367393987518856,-0.6323057019026161,2.7592914314515546,0.06058027445744951,0.7975029765641124,2.8707995259007903
37,1.281764,-2.520894,0.699874,-0.00264797395402816,0.10495810720424559,2.0886432596752122,-0.016422404583572803,-0.5690820423176945,2.7592914314515546,0.043580092883496846,0.5572317010013628,2.8707995259007903
38,3.391,-2.435748,-0.387366,-0.006740919069167184,0.041671235537571016,2.0886432596752122,-0.020684733088247587,-0.6373914796381379,2.7592914314515546,0.052857108444845036,0.688347968944985,2.8707995259007903
39,2.696541,-2.461168,-1.119027,-0.00557991212784259,0.059623222488960126,2.0886432596752122,-0.018500729166797125,-0.6023899355721894,2.7592914314515546,0.06668766876922128,0.8838215500023192,2.8707995259007903
40,3.193523,-1.612095,-1.344002,-0.009967773781045963,-0.008223775094825303,2.0886432596752122,-0.02623809180528136,-0.7263913792899601,2.7592914314515546,0.07277191312408382,0.9698129346013007,2.8707995259007903
41,2.694555,-0.742852,-1.538082,-0.006564982412176512,0.044391643536996206,2.0886432596752122,-0.0293392590847259,-0.7760916761260883,2.7592914314515546,0.07098606884912773,0.9445727876044254,2.8707995259007903
42,3.402387,-0.57821,1.699962,-0.006898687762997291,0.03923174837159027,2.0886432596752122,-0.03198988396176672,-0.8185714365902674,2.7592914314515546,0.036602128943378,0.45860897221286057,2.8707995259007903
43,4.27242,-0.537384,-1.457462,-0.0068268628966019484,0.04034233524098796,2.0886432596752122,-0.031448800885033545,-0.8098998664673359,2.7592914314515546,0.018404437457816503,0.2014127460129873,2.8707995259007903
44,4.441741,1.734192,1.683212,0.007067173497008916,0.25517788114707773,2.0886432596752122,-0.014472500885160056,-0.5378322631602362,2.7592914314515546,0.02928898483374187,0.3552489900883913,2.8707995259007903
45,5.074333,2.470827,1.42603,0.006764569678668675,0.2504988912074597,2.0886432596752122,-0.011917748625905666,-0.4968889878750493,2.7592914314515546,0.02556448592806415,0.3026089580389464,2.8707995259007903
46,4.073167,2.584165,1.287094,0.0018307944371920293,0.17421074373521028,2.0886432596752122,-0.0118488170642852,-0.49578426866282777,2.7592914314515546,0.028957721100264955,0.35056708951903914,2.8707995259007903
47,5.061063,0.225122,0.849689,0.002864119230856943,0.19018845459304168,2.0886432596752122,-0.022906729594802222,-0.673001905001708,2.7592914314515546,0.024480499843449355,0.28728849113042076,2.8707995259007903
48,5.884335,2.479399,0.833586,0.007775623500326567,0.2661322387504528,2.0886432596752122,-0.011953772614681668,-0.4974663198194613,2.7592914314515546,0.02469538260416604,0.2903255266343796,2.8707995259007903
49,6.324513,1.694987,0.350213,0.00797136459451675,0.26915887144632933,2.0886432596752122,-0.013269173016835722,-0.5185473465924281,2.7592914314515546,0.025206215490280126,0.29754535947040606,2.8707995259007903
50,5.913764,0.544861,0.343565,0.004895955716885503,0.22160558121497753,2.0886432596752122,-0.01754050547793451,-0.5870010841929431,2.7592914314515546,0.02605040580926765,0.309476684078823,2.8707995259007903
51,5.631196,3.038601,0.029649,0.005490179045727128,0.2307937170183736,2.0886432596752122,-0.011159297644505184,-0.48473381031945206,2.7592914314515546,0.023694542193991364,0.27618019524828075,2.8707995259007903
52,6.164634,2.303962,-0.440243,0.007546546985169655,0.2625901594875375,2.0886432596752122,-0.012102033580152494,-0.4998423973828847,2.7592914314515546,0.02436151560536226,0.2856068329356136,2.8707995259007903
53,5.249613,2.962356,-0.895624,0.005480169851177941,0.2306389505621662,2.0886432596752122,-0.011182773230205445,-0.48511003755022375,2.7592914314515546,0.024226620377644004,0.28370029750890646,2.8707995259007903
54,4.26094,2.790391,-1.188008,0.00234282647625772,0.1821280025876968,2.0886432596752122,-0.011261922184917506,-0.48637850396592874,2.7592914314515546,0.026878785800665383,0.3211845541576197,2.8707995259007903
55,4.007944,1.807172,-1.560532,0.006184501625584371,0.24152963034498232,2.0886432596752122,-0.015022731254711985,-0.5466504307180603,2.7592914314515546,0.03383148208600195,0.4194501637225061,2.8707995259007903
56,4.498708,-1.42867,1.683508,-0.00700454845180154,0.03759488502785291,2.0886432596752122,-0.024172843983958803,-0.6932930583963246,2.7592914314515546,0.026747478469096198,0.31932872809425517,2.8707995259007903
57,4.432053,-0.459484,1.446174,-0.005271151447779676,0.06439741246345565,2.0886432596752122,-0.029675215669488164,-0.7814758236041718,2.7592914314515546,0.018863407420093736,0.20789957662721448,2.8707995259007903
58,5.177056,-2.12319,1.416402,-0.0063149964398827585,0.04825703378826174,2.0886432596752122,-0.021741044267925336,-0.6543202598201306,2.7592914314515546,0.022397657323898645,0.2578507332575546,2.8707995259007903
59,4.164769,-2.293731,1.278122,-0.006324800166706446,0.04810544436209274,2.0886432596752122,-0.02152247498922044,-0.6508173987836123,2.7592914314515546,0.033277360205166584,0.411618507893045,2.8707995259007903
60,5.999007,-2.053701,0.812723,-0.006385370708045901,0.04716887669047831,2.0886432596752122,-0.021528616957087632,-0.650915831921412,2.7592914314515546,0.019872579159295967,0.22216265846461747,2.8707995259007903
61,6.370121,-1.238037,0.328413,-0.005589593885721111,0.059473518998898856,2.0886432596752122,-0.021629205972045984,-0.6525279035871427,2.7592914314515546,0.020274742707353077,0.22784661826564556,2.8707995259007903
62,5.716067,-2.675822,0.045767,-0.005386742943106704,0.06261008721849648,2.0886432596752122,-0.02007667748001918,-0.6276465863451721,2.7592914314515546,0.021585265675207577,0.24636883367675244,2.8707995259007903
63,6.101109,-0.347771,-0.098787,-0.002630840173041271,0.10522303706965497,2.0886432596752122,-0.02124045679053399,-0.6462976851000547,2.7592914314515546,0.022896680344883347,0.2649036519140753,2.8707995259007903
64,6.234082,-1.922701,-0.416729,-0.0059120322261665414,0.054487839177122854,2.0886432596752122,-0.020950094082069715,-0.6416442396388987,2.7592914314515546,0.019755665729487948,0.22051026794230522,2.8707995259007903
65,5.341075,-2.608938,-0.893737,-0.00561937941129198,0.05901296243600829,2.0886432596752122,-0.020532682746845055,-0.6349546723263138,2.7592914314515546,0.02235511368148213,0.2572494446662512,2.8707995259007903
66,4.101707,-2.431588,-1.127606,-0.006146050423295968,0.050869349509470974,2.0886432596752122,-0.02123656917139849,-0.6462353808747068,2.7592914314515546,0.03419198097001308,0.4245452579321476,2.8707995259007903
67,4.895051,-1.968208,-1.556023,-0.0063092087539105,0.04834652546945217,2.0886432596752122,-0.022009664737857815,-0.6586252572255901,2.7592914314515546,0.02411275333155416,0.28209096290918145,2.8707995259007903
68,1.962484,3.240877,0.987566,-0.02199749698315845,-0.19423251136194974,2.0886432596752122,0.005379671286696475,-0.21967501433233172,2.7592914314515546,0.020864569024644286,0.23618290108706996,2.8707995259007903
69,1.142341,3.167976,0.418834,-0.03518779916142911,-0.3981866171996281,2.0886432596752122,0.040365592746379075,0.3410205318760413,2.7592914314515546,0.005447734960762229,0.018289793913219166,2.8707995259007903
70,2.702623,3.538225,0.373606,-0.014102949128407705,-0.07216362871262538,2.0886432596752122,-0.001627592962140323,-0.3319756681812127,2.7592914314515546,0.023918598837642246,0.2793468893999944,2.8707995259007903
71,1.814161,3.735859,-0.083316,-0.021362686576605228,-0.18441680076675926,2.0886432596752122,0.013758582854192625,-0.0853919026703206,2.7592914314515546,0.015238912759746093,0.15667294992774328,2.8707995259007903
72,3.002612,3.162285,-0.52021,-0.011768966053851138,-0.03607458203440361,2.0886432596752122,-0.006962028874180959,-0.41746704107136157,2.7592914314515546,0.028930742961164047,0.35018579524486415,2.8707995259007903
73,-0.335998,1.775968,1.518593,-0.0741088120111626,-1.0,2.0886432596752122,0.008333953793162596,-0.17232873975940832,2.7592914314515546,-0.03877943179123111,-0.6067928102814093,2.8707995259007903
74,-1.13879,2.165996,1.050051,-0.05894246259944946,-0.7654914048759651,2.0886432596752122,0.05027956915886733,0.4999050827975555,2.7592914314515546,-0.033591369301146035,-0.5334675703850353,2.8707995259007903
75,-0.030295,2.618288,1.041939,-0.07301800855044416,-0.9831335293559862,2.0886432596752122,0.06238735191150502,0.6939482744764089,2.7592914314515546,-0.02301286350370013,-0.3839567507244601,2.8707995259007903
76,-0.795251,2.868092,0.409411,-0.060741467536960414,-0.7933083902997,2.0886432596752122,0.06929934104716162,0.8047220189458644,2.7592914314515546,0.029704640208718658,0.3611236359976564,2.8707995259007903
77,0.199299,2.972473,0.133297,-0.0621630512411242,-0.8152895268451368,2.0886432596752122,0.08148417139611963,1.0,2.7592914314515546,0.0030094327554577305,-0.01617183689510171,2.8707995259007903
78,-1.252294,2.561698,-0.433616,-0.0547028782011445,-0.6999371337612281,2.0886432596752122,0.06576040057071841,0.7480058291000462,2.7592914314515546,-0.00021771980184714934,-0.06178264746240025,2.8707995259007903
79,-0.418685,2.640056,-1.017266,-0.07110460535947016,-0.9535476691044339,2.0886432596752122,0.06208980454091906,0.6891796853264613,2.7592914314515546,-0.013064314852210046,-0.24334940108567493,2.8707995259007903
80,-0.93498,1.842393,-1.330141,-0.06189809984515593,-0.8111927347986154,2.0886432596752122,0.02222325250631041,0.050265595433223176,2.7592914314515546,-0.03621779242168399,-0.5705879993989253,2.8707995259007903
81,-4.600928,1.436962,-1.181499,-0.004995153444721456,0.0686650118835399,2.0886432596752122,0.008247102563627706,-0.17372064529029607,2.7592914314515546,-0.03896860338964414,-0.6094664582688275,2.8707995259007903
82,-0.507433,-1.241117,1.524554,0.0032715008918522415,0.1964875644451145,2.0886432596752122,-0.02191287955086807,-0.6570741469212171,2.7592914314515546,0.0016645450378089954,-0.035179744899051624,2.8707995259007903
83,-1.114637,-1.84913,-1.154548,0.014980234918819058,0.37753302850546144,2.0886432596752122,-0.009036870582362688,-0.4507191166585518,2.7592914314515546,-0.007270817360837345,-0.1614672737586046,2.8707995259007903
84,-0.507847,-0.790602,-1.436619,-0.0019099133777187305,0.11637031617874594,2.0886432596752122,-0.022928379793340614,-0.6733488779950874,2.7592914314515546,-0.005535103871794789,-0.13693564789275448,2.8707995259007903
85,2.100761,-3.088895,0.938785,-0.0034653585738873005,0.09231935586892948,2.0886432596752122,-0.015144793822773117,-0.5486066444010271,2.7592914314515546,0.04726542182585858,0.6093181261961551,2.8707995259007903
86,2.935723,-3.252954,0.408251,-0.004093041164937361,0.08261385861213522,2.0886432596752122,-0.015243284512224786,-0.5501850876323189,2.7592914314515546,0.04533927478804767,0.5820950166262358,2.8707995259007903
87,1.538331,-3.314278,0.125875,-0.0012024921727231686,0.12730876606150665,2.0886432596752122,-0.012856158875569346,-0.5119282501139775,2.7592914314515546,0.03667677021441973,0.45966391114541305,2.8707995259007903
88,2.376862,-3.473782,-0.419248,-0.002970152909152368,0.09997643810948253,2.0886432596752122,-0.01364632757466877,-0.5245917459389731,2.7592914314515546,0.0422864784492587,0.5389484615636726,2.8707995259007903
89,1.532293,-2.895747,-0.796059,-0.0026047439572738362,0.10562654794307247,2.0886432596752122,-0.015404112441534945,-0.5527625673701054,2.7592914314515546,0.043066900553634824,0.5499785210768675,2.8707995259007903
90,4.715389,3.321755,1.000064,0.002446235787756379,0.18372696168483893,2.0886432596752122,-0.009521365722157782,-0.458483790438997,2.7592914314515546,0.022845355569975023,0.2641782555951273,2.8707995259007903
91,3.818043,3.545379,0.579617,-0.0025952546343739336,0.10577327592101393,2.0886432596752122,-0.007419556452190612,-0.42479952409751665,2.7592914314515546,0.023526018163692264,0.27379836870444074,2.8707995259007903
92,4.70312,3.874114,0.162883,0.0010608310099757823,0.1623052392059583,2.0886432596752122,-0.007832215028750422,-0.4314129221824694,2.7592914314515546,0.02062141747996149,0.23274633003976408,2.8707995259007903
93,3.862711,3.668345,-0.413144,-0.0024424380885097463,0.10813619085258219,2.0886432596752122,-0.006989059851058688,-0.41790024813616533,2.7592914314515546,0.02268914126712085,0.2619704080115799,2.8707995259007903
94,6.31743,1.021731,-0.438515,0.006615183597036722,0.2481890195841976,2.0886432596752122,-0.014737223541455347,-0.5420747929600092,2.7592914314515546,0.025034697402605666,0.29512121655591095,2.8707995259007903
95,5.69406,0.30165,-0.755244,0.0032043067577411932,0.19544857994309672,2.0886432596752122,-0.01946295431876699,-0.6178108630381391,2.7592914314515546,0.02550122924471543,0.30171492264703303,2.8707995259007903
96,6.391947,1.689126,-1.217338,0.007152484920567748,0.2564970029438738,2.0886432596752122,-0.012218908466227418,-0.5017154716182264,2.7592914314515546,0.023124241010447744,0.2681198699965244,2.8707995259007903
97,5.67413,2.320769,-1.559665,0.007096337378917905,0.25562882558922273,2.0886432596752122,-0.01137619852333227,-0.4882099330469091,2.7592914314515546,0.023697417040899893,0.27622082676334747,2.8707995259007903
98,6.039902,0.798114,-1.560461,0.005463884350950909,0.2303871371774513,2.0886432596752122,-0.014856573141175389,-0.5439875277462545,2.7592914314515546,0.023468419413879893,0.2729842994530014,2.8707995259007903
99,5.118821,0.923869,-1.959156,0.005708156862568536,0.23416418345086942,2.0886432596752122,-0.01568018874368793,-0.5571870543229284,2.7592914314515546,0.0248328080370932,0.29226782259872186,2.8707995259007903
100,5.307096,1.394135,2.076326,0.006109397944380479,0.24036834503566684,2.0886432596752122,-0.013287861220129926,-0.5188468497044376,2.7592914314515546,0.024189974867419917,0.283182369894611,2.8707995259007903
101,6.103518,1.822069,1.644074,0.006970885034826679,0.2536890276741668,2.0886432596752122,-0.011796669183108843,-0.4949485300714209,2.7592914314515546,0.02290651238504271,0.26504261259635964,2.8707995259007903
102,5.669321,0.572329,1.629749,0.004669792958218899,0.21810855570379406,2.0886432596752122,-0.016598211115837813,-0.5718995739282003,2.7592914314515546,0.02406504741277704,0.2814167135250436,2.8707995259007903
103,4.848752,-2.974071,1.002744,-0.00474958917131163,0.07246203193145706,2.0886432596752122,-0.018766744248110534,-0.6066531781878961,2.7592914314515546,0.02424572752628329,0.2839703475054878,2.8707995259007903
104,3.895776,-3.126843,0.684954,-0.0046177355089653815,0.07450080977307127,2.0886432596752122,-0.01814262597270888,-0.5966508594629707,2.7592914314515546,0.03306736379709818,0.40865053342696633,2.8707995259007903
105,4.651446,-3.566874,0.197129,-0.0038835197502931074,0.08585356852932047,2.0886432596752122,-0.016911095541519483,-0.5769139596193089,2.7592914314515546,0.024053840609220778,0.28125832268823214,2.8707995259007903
106,3.892884,-3.306361,-0.409536,-0.00430993653541023,0.07926012942934202,2.0886432596752122,-0.017550171892002808,-0.5871560012307049,2.7592914314515546,0.031842741383216744,0.39134238950002986,2.8707995259007903
107,5.337136,-1.01991,2.074823,-0.0046132133766234595,0.07457073292159433,2.0886432596752122,-0.02037131086735977,-0.6323684750693703,2.7592914314515546,0.020831008228013648,0.2357085711288711,2.8707995259007903
108,6.175825,-1.355744,1.645224,-0.005252054898031933,0.06469269150071688,2.0886432596752122,-0.019634464059731016,-0.620559532899549,2.7592914314515546,0.01832133319357121,0.20023819575962332,2.8707995259007903
109,6.031041,-0.355509,1.524793,-0.00243466542355808,0.10825637512954334,2.0886432596752122,-0.019671552456299146,-0.6211539233830389,2.7592914314515546,0.020536569868304433,0.23154714026684253,2.8707995259007903
110,6.499585,-1.012819,-0.771624,-0.004761504165892383,0.07227779717830796,2.0886432596752122,-0.020303850114169464,-0.631287327502591,2.7592914314515546,0.01935019408421379,0.21477955330312626,2.8707995259007903
111,5.947897,-1.933193,-1.383859,-0.00605892853114165,0.05221646554768378,2.0886432596752122,-0.02050752453196525,-0.6345514787431488,2.7592914314515546,0.01899159735070466,0.20971134304913197,2.8707995259007903
112,6.105487,-0.350612,-1.424047,-0.002419234748304522,0.10849497084412785,2.0886432596752122,-0.019662843326338386,-0.6210143480859875,2.7592914314515546,0.02053331114416057,0.23150108324072516,2.8707995259007903
113,5.179343,-0.343538,-1.83269,-0.0023315908037888633,0.10985015907971096,2.0886432596752122,-0.02145778477301441,-0.6497806527270085,2.7592914314515546,0.022033445576640442,0.2527031634679031,2.8707995259007903
114,5.788746,-1.125903,-1.97169,-0.004796268363369549,0.07174025825647035,2.0886432596752122,-0.019682410034210562,-0.6213279303928173,2.7592914314515546,0.019273884687912357,0.2137010379998039,2.8707995259007903
115,-1.331475,0.81999,1.699891,-0.04754182513414085,-0.5892098619066891,2.0886432596752122,-0.035006548368228696,-0.8669174634073042,2.7592914314515546,-0.04510239471778821,-0.6961581127101538,2.8707995259007903
116,-2.279718,0.676739,1.405448,-0.04909364063118771,-0.6132046982529433,2.0886432596752122,-0.04331054722174743,-1.0,2.7592914314515546,-0.06660045869402431,-1.0,2.8707995259007903
117,-2.576111,0.189364,-0.969384,-0.021034590031647316,-0.17934363136162168,2.0886432596752122,-0.020776086683589767,-0.6388555415207873,2.7592914314515546,-0.06286237140922868,-0.947167917226315,2.8707995259007903
118,-2.12776,0.925391,-1.501535,-0.05193107292754284,-0.6570782925843458,2.0886432596752122,-0.04252274701186076,-0.987374462339244,2.7592914314515546,-0.06377210226111973,-0.9600255559081017,2.8707995259007903
119,-1.118283,0.103827,-1.520821,-0.04456058399228757,-0.5431126335676109,2.0886432596752122,-0.04089950422388755,-0.9613598552156247,2.7592914314515546,-0.04702639670621034,-0.7233509053243075,2.8707995259007903
120,-1.42995,-0.634748,1.699895,-0.00906130882459566,0.005792374586004012,2.0886432596752122,-0.018867389137744883,-0.6082661453190219,2.7592914314515546,-0.03590286592644931,-0.5661370004263921,2.8707995259007903
121,-2.352734,-0.368866,1.407886,0.00888279070517406,0.2832517326199311,2.0886432596752122,-0.01279125280576121,-0.5108880447186372,2.7592914314515546,-0.04965821396768666,-0.7605475721782576,2.8707995259007903
122,-1.743602,-1.537364,1.399366,0.036100009352115325,0.704096033038625,2.0886432596752122,0.004115233582352218,-0.23993929664088165,2.7592914314515546,-0.02627313815619292,-0.43003569088352156,2.8707995259007903
123,-2.360319,-0.699081,-1.423824,0.03354737969774657,0.6646261792282115,2.0886432596752122,-0.0043665923686830865,-0.3758717470678494,2.7592914314515546,-0.043536351392156725,-0.6740245122071729,2.8707995259007903
124,-0.487737,-2.614033,1.676066,0.005753184425068891,0.2348604189217245,2.0886432596752122,-0.00939773072163641,-0.45650237645143954,2.7592914314515546,0.005699332052797601,0.021845729711213346,2.8707995259007903
125,-0.740132,-3.561251,1.422443,0.007277012155205043,0.25842249642003745,2.0886432596752122,-0.004337689219924279,-0.37540853597880797,2.7592914314515546,0.004973423883670058,0.011586140366301123,2.8707995259007903
126,-1.388653,-2.768923,1.262348,0.017380612087321445,0.41464868912175734,2.0886432596752122,0.0030309464966369326,-0.25731642762405205,2.7592914314515546,-0.004890494741559337,-0.1278250947326416,2.8707995259007903
127,-0.239565,-4.244436,0.845727,0.00420237841372284,0.21088119167605668,2.0886432596752122,-0.00573911015003592,-0.39786815519399155,2.7592914314515546,0.008060584124270687,0.05521837603678503,2.8707995259007903
128,0.673859,-4.14668,0.374899,0.001343293908494747,0.16667280161060583,2.0886432596752122,-0.00938374998750513,-0.4562783167430461,2.7592914314515546,0.014404049083677428,0.14487344299321903,2.8707995259007903
129,-1.057922,-4.243945,0.253283,0.00849023207805466,0.2771818228710172,2.0886432596752122,0.00017876694787721803,-0.30302636760145374,2.7592914314515546,0.0033316342111162633,-0.01161801760779102,2.8707995259007903
130,-0.138464,-4.460441,-0.138621,0.00424220229676564,0.2114969656247656,2.0886432596752122,-0.004561075931108771,-0.37898860272616,2.7592914314515546,0.008269601240828095,0.05817250973184174,2.8707995259007903
131,-1.08584,-4.055904,-0.733032,0.008915102765072458,0.2837513555395037,2.0886432596752122,-0.00019264772850080547,-0.3089787777754023,2.7592914314515546,0.0031138156241956594,-0.014696546474851857,2.8707995259007903
132,-1.508058,-2.779702,-1.14338,0.019751240422638094,0.4513043605285485,2.0886432596752122,0.00587052753080064,-0.21180839546351227,2.7592914314515546,-0.00643008913383758,-0.14958488046626772,2.8707995259007903
133,-0.789081,-3.434036,-1.469093,0.00782279028189814,0.2668615517434878,2.0886432596752122,-0.004112221711050523,-0.37179512170341444,2.7592914314515546,0.004392086864335898,0.0033698406426982963,2.8707995259007903
134,-0.241558,-2.14299,-1.580223,0.003062010123503267,0.19324832839408246,2.0886432596752122,-0.01588859309412083,-0.560527008973911,2.7592914314515546,0.008749937043950773,0.06496131346388978,2.8707995259007903
135,-2.618456,1.586769,1.699805,-0.030377333426956366,-0.3238051341769389,2.0886432596752122,-0.00820861250436078,-0.4374451882876228,2.7592914314515546,-0.04689981418992195,-0.7215618572179536,2.8707995259007903
136,-3.197519,2.351759,1.411447,-0.02080857714600448,-0.1758489232513697,2.0886432596752122,0.004883743923397521,-0.22762290457626955,2.7592914314515546,-0.040319264678741806,-0.6285559667763104,2.8707995259007903
137,-2.138823,2.420001,1.407234,-0.032686261632728364,-0.3595067717351289,2.0886432596752122,0.01282897362114932,-0.10029011700725665,2.7592914314515546,-0.04180171991252557,-0.6495081788710123,2.8707995259007903
138,-3.997928,2.011346,0.910473,-0.012643853425807539,-0.049602465569171694,2.0886432596752122,0.010453043579914834,-0.13836753033930327,2.7592914314515546,-0.041431081422786065,-0.6442697770154222,2.8707995259007903
139,-4.152913,2.336222,-0.072659,-0.013720011816611422,-0.0662424878650747,2.0886432596752122,0.016430553158621297,-0.04257005357251553,2.7592914314515546,-0.04185195927126539,-0.6502182345110278,2.8707995259007903
140,-3.768821,2.349115,-1.007013,-0.016626631995050545,-0.11118589488420227,2.0886432596752122,0.009477267066290374,-0.15400563625326225,2.7592914314515546,-0.04059621159474913,-0.6324701831323407,2.8707995259007903
141,-1.836937,2.456908,-1.239197,-0.03749221810525505,-0.43381853061687214,2.0886432596752122,0.025340533573771307,0.10022413698026233,2.7592914314515546,-0.04195969830783186,-0.6517409591731802,2.8707995259007903
142,-3.568775,1.45307,-1.405283,-0.013656751208063866,-0.06526432522128633,2.0886432596752122,0.002584948774228657,-0.2644641295035517,2.7592914314515546,-0.04348319108147347,-0.6732731734287243,2.8707995259007903
143,-2.855798,2.419362,-1.470538,-0.024077660689751035,-0.22639689418200315,2.0886432596752122,0.0045022167866890506,-0.2337373802677728,2.7592914314515546,-0.04080237742719328,-0.6353840183360017,2.8707995259007903
144,-3.722425,0.765843,1.549942,-0.0067048713012298755,0.042228621576020586,2.0886432596752122,0.0003240011838969714,-0.30069879737046545,2.7592914314515546,-0.043517986495084315,-0.6737649527885883,2.8707995259007903
145,-4.559619,1.217876,1.231008,-0.004180789510916938,0.08125705607636902,2.0886432596752122,0.006718171348298885,-0.19822378504271698,2.7592914314515546,-0.040006805619168695,-0.6241398411909345,2.8707995259007903
146,-4.829219,0.273151,0.965983,0.011373460511195255,0.3217635366982936,2.0886432596752122,0.004048060020657829,-0.2410158415850645,2.7592914314515546,-0.04270030478146536,-0.6622082863211793,2.8707995259007903
147,-5.061715,0.27591,-0.607736,0.01431107673645382,0.3671862178787044,2.0886432596752122,0.005722501739168884,-0.21418070405591394,2.7592914314515546,-0.04290155842451959,-0.6650526953245739,2.8707995259007903
148,-4.349305,0.284323,-1.331138,0.004991258858594971,0.22307919924041553,2.0886432596752122,0.0019303275202502412,-0.2749552987009105,2.7592914314515546,-0.04313602275276951,-0.6683664860024856,2.8707995259007903
149,-2.719076,-1.321133,1.540155,0.05523697511183334,1.0,2.0886432596752122,0.006281903290280777,-0.20521555621460452,2.7592914314515546,-0.03548578004954761,-0.5602421365847067,2.8707995259007903
150,-2.475457,-2.241535,1.226766,0.04933281039208248,0.9087072744914908,2.0886432596752122,0.02463414802521502,0.08890337667278003,2.7592914314515546,-0.026768817432349934,-0.4370413508780444,2.8707995259007903
151,-3.432788,-1.893729,1.122954,0.050845987721618524,0.9321046709308067,2.0886432596752122,0.019852611496778305,0.012272945811707903,2.7592914314515546,-0.03620963872170657,-0.5704727594595396,2.8707995259007903
152,-3.097873,-2.639567,0.543924,0.04287984873940154,0.8089288155835905,2.0886432596752122,0.040252222555097195,0.3392036249982908,2.7592914314515546,-0.028482404481721346,-0.46126025373794777,2.8707995259007903
153,-2.443823,-2.830318,-0.201246,0.03704474704640415,0.7187039721961712,2.0886432596752122,0.03921292974477675,0.32254758663655747,2.7592914314515546,-0.021068807115363963,-0.3564805201818919,2.8707995259007903
154,-3.68622,-2.323117,-0.22548,0.04385606639306605,0.8240235113657766,2.0886432596752122,0.0335560289459087,0.231888288526515,2.7592914314515546,-0.03539307555850302,-0.5589319019724006,2.8707995259007903
155,-2.978406,-2.438162,-0.955864,0.04692518244797794,0.8714794992750456,2.0886432596752122,0.033220684543857626,0.22651395208399405,2.7592914314515546,-0.029016458753331253,-0.46880828494580573,2.8707995259007903
156,-2.137759,-2.011825,-1.313098,0.048277656037746475,0.8923920256100928,2.0886432596752122,0.01711654336906987,-0.031576155464549394,2.7592914314515546,-0.025848997565360854,-0.4240411195706303,2.8707995259007903
157,-3.27629,-1.564585,-1.34113,0.05381952477511165,0.9780827753535748,2.0886432596752122,0.01159623614996308,-0.12004636125924295,2.7592914314515546,-0.037480820961969474,-0.5884389545270471,2.8707995259007903
158,-3.749818,-0.644686,1.699902,0.02324728600419057,0.5053617157670003,2.0886432596752122,0.0015069383481440823,-0.28174066873572134,2.7592914314515546,-0.039154509594411024,-0.6120939549670279,2.8707995259007903
159,-4.284884,-1.435357,-1.401722,0.036684820660247475,0.7131386361436809,2.0886432596752122,0.003197334139697361,-0.25464984613882236,2.7592914314515546,-0.03862392671845383,-0.6045949865681659,2.8707995259007903
160,-3.393681,0.02417,-1.525866,0.00533132028039196,0.22833737469956095,2.0886432596752122,-0.0018547063600089508,-0.33561545999907116,2.7592914314515546,-0.045100545198412334,-0.6961319726140798,2.8707995259007903
161,-2.726864,3.249878,1.453587,-0.02224957259037641,-0.1981302124440617,2.0886432596752122,0.009271918754013342,-0.15729661386115013,2.7592914314515546,-0.03558385435103828,-0.5616282651631916,2.8707995259007903
162,-3.665832,3.200884,1.103023,-0.01777155247541362,-0.12888914608131108,2.0886432596752122,0.009889045094449322,-0.14740635011808778,2.7592914314515546,-0.035891516274602075,-0.5659765906499044,2.8707995259007903
163,-1.782925,3.329402,1.095798,-0.030670095015771004,-0.32833193934510796,2.0886432596752122,0.03333011315497192,0.22826768993967006,2.7592914314515546,-0.03547286443109998,-0.5600595942921085,2.8707995259007903
164,-2.499855,4.033724,0.87434,-0.021665199999093776,-0.1890943929669735,2.0886432596752122,0.017211259496379583,-0.030058204571134617,2.7592914314515546,-0.03168665327592901,-0.5065473550348119,2.8707995259007903
165,-3.472726,4.000157,0.532257,-0.017853149036403337,-0.1301508270808186,2.0886432596752122,0.014106361789496535,-0.07981828642829292,2.7592914314515546,-0.03204103448429452,-0.5115559853602616,2.8707995259007903
166,-1.706911,3.927144,0.269858,-0.02765237282812194,-0.2816706254396232,2.0886432596752122,0.03841173722890323,0.3097074196047003,2.7592914314515546,-0.03175695696815595,-0.5075409889989348,2.8707995259007903
167,-4.117516,3.31181,0.193735,-0.016118166131016576,-0.10332377775857127,2.0886432596752122,0.01558618576836679,-0.05610215492433701,2.7592914314515546,-0.03534859996431727,-0.5583033082306259,2.8707995259007903
168,-2.715232,4.32422,-0.072225,-0.019982397454883394,-0.16307417875450458,2.0886432596752122,0.01803895135976541,-0.016793350536401075,2.7592914314515546,-0.03025744503149852,-0.4863477067875097,2.8707995259007903
169,-3.618029,3.92466,-0.459541,-0.017466083278894207,-0.12416585043614348,2.0886432596752122,0.014323236451234234,-0.07634258386427994,2.7592914314515546,-0.03237775237689666,-0.5163149720339261,2.8707995259007903
170,-1.516369,3.517235,-0.640268,-0.03313785727417207,-0.3664895371036565,2.0886432596752122,0.05056181223657363,0.5044284004640756,2.7592914314515546,-0.034624067956329885,-0.5480631687951802,2.8707995259007903
171,-2.399221,3.952632,-0.952194,-0.02242602895205259,-0.20085865634008726,2.0886432596752122,0.017962017941648423,-0.018026310055346162,2.7592914314515546,-0.0320555443035051,-0.5117610592151933,2.8707995259007903
172,-3.46375,3.285894,-1.221609,-0.018526681325006233,-0.1405652720130286,2.0886432596752122,0.008865451226214294,-0.16381079222223427,2.7592914314515546,-0.03547816017427241,-0.5601344414319205,2.8707995259007903
173,-4.820993,-1.209886,1.520148,0.03260264165141402,0.6500182346272143,2.0886432596752122,-0.00026069982210685794,-0.3100694023524637,2.7592914314515546,-0.03754552829366453,-0.5893534925898907,2.8707995259007903
174,-5.54126,-0.591859,1.196284,0.027173779878487014,0.5660748470043202,2.0886432596752122,0.0007167831633450028,-0.29440394797622516,2.7592914314515546,-0.03694138486387244,-0.5808148595248528,2.8707995259007903
175,-5.610562,-1.730137,1.188117,0.029020251402285258,0.5946257811301052,2.0886432596752122,-1.059807405434654e-05,-0.3060611918957641,2.7592914314515546,-0.033477328859031985,-0.5318557851006671,2.8707995259007903
176,-4.521122,-2.106921,1.17995,0.034813273083469376,0.6841999653387565,2.0886432596752122,0.0058913737172838765,-0.21147430782400134,2.7592914314515546,-0.03480091443761024,-0.55056262031287,2.8707995259007903
177,-6.197027,-1.121559,0.651068,0.025701457967207908,0.5433091745533254,2.0886432596752122,0.0016913439353345439,-0.2787853259258204,2.7592914314515546,-0.03286975057814168,-0.5232686057273945,2.8707995259007903
178,-5.269491,-2.50207,0.6429,0.028946800638539827,0.5934900539389971,2.0886432596752122,0.004141614020462647,-0.2395165153180404,2.7592914314515546,-0.031365665268532794,-0.5020106859620768,2.8707995259007903
179,-5.63487,0.023305,0.404584,0.021508266076433635,0.47847224427453816,2.0886432596752122,0.004969917613074415,-0.22624185751544368,2.7592914314515546,-0.03873852579296688,-0.6062146672575622,2.8707995259007903
180,-6.080217,-2.023825,0.233595,0.02597114218518337,0.5474791475222791,2.0886432596752122,0.0020189315134002683,-0.2735353028207749,2.7592914314515546,-0.030721216567645815,-0.4929024002226986,2.8707995259007903
181,-4.631553,-2.701135,-0.116969,0.03197892750934628,0.6403740992295204,2.0886432596752122,0.01065001035528823,-0.13521087791755249,2.7592914314515546,-0.03171868495398611,-0.507000073266774,2.8707995259007903
182,-6.203312,-0.588412,-0.200945,0.024235665171183918,0.52064445808088,2.0886432596752122,0.003381983874820804,-0.2516905905362058,2.7592914314515546,-0.034031427864551045,-0.5396871176229092,2.8707995259007903
183,-5.527727,-2.445462,-0.511196,0.027783059387241682,0.5754957879148315,2.0886432596752122,0.0032728459130222376,-0.25343967035316106,2.7592914314515546,-0.0309341473334519,-0.4959118472973798,2.8707995259007903
184,-6.18016,-1.502733,-0.618417,0.02602171551290322,0.5482611339919545,2.0886432596752122,0.0013914665942125204,-0.283591255927398,2.7592914314515546,-0.03196988540074175,-0.5105504030971557,2.8707995259007903
185,-5.631894,-0.43483,-1.037879,0.025873362228528318,0.545967231922553,2.0886432596752122,0.001690736481933186,-0.27879506116795383,2.7592914314515546,-0.03701705961266777,-0.5818844050671665,2.8707995259007903
186,-4.655928,-2.292125,-1.041335,0.03331360615855772,0.6610114725665008,2.0886432596752122,0.006153151289669534,-0.20727897687915187,2.7592914314515546,-0.03366739862677015,-0.5345421273224665,2.8707995259007903
187,-5.459876,-1.691473,-1.290017,0.02985271052527949,0.6074976208940497,2.0886432596752122,-0.00021895720651787798,-0.3094004218691341,2.7592914314515546,-0.03408188182655003,-0.5404002063481064,2.8707995259007903
188,0.259046,-3.157947,2.088952,0.001701278452653554,0.17220811206982312,2.0886432596752122,-0.010506995089422322,-0.47427980133081415,2.7592914314515546,0.011498651823612871,0.1038101459539793,2.8707995259007903
189,1.147002,-2.961417,1.669565,-0.001478977021772021,0.1230336388200457,2.0886432596752122,-0.014402610544838268,-0.5367121782544672,2.7592914314515546,0.025700969918906136,0.30453794817536606,2.8707995259007903
190,0.473073,-4.037191,1.662536,0.0013115734458248873,0.16618232622094808,2.0886432596752122,-0.009648756528386038,-0.4605253961678154,2.7592914314515546,0.011594396708925814,0.10516335183726211,2.8707995259007903
191,1.08655,-3.937246,-0.539795,0.00032769813404476267,0.15096922444679373,2.0886432596752122,-0.010950187706693981,-0.4813825476998934,2.7592914314515546,0.019382140656188263,0.21523106869222808,2.8707995259007903
192,0.297135,-4.335663,-1.041945,0.0021337901433646778,0.17889579321246196,2.0886432596752122,-0.008285599405155164,-0.4386790049370296,2.7592914314515546,0.010614292425369598,0.09131109353224609,2.8707995259007903
193,1.205905,-3.568635,-1.486002,-0.0008193374873877168,0.13323326803188928,2.0886432596752122,-0.012638854021522317,-0.5084456531506807,2.7592914314515546,0.021303912470174158,0.2423923412397171,2.8707995259007903
194,0.91034,-2.638811,-1.756441,-0.0012026296424685334,0.1273066404453822,2.0886432596752122,-0.01494546081152004,-0.5454120699276721,2.7592914314515546,0.024037364292556873,0.2810254554330096,2.8707995259007903
195,0.058816,-3.807338,-1.871169,0.0026343978573013516,0.18663640425317007,2.0886432596752122,-0.008569215025958865,-0.4432243194173989,2.7592914314515546,0.00908521705861931,0.06969997795665828,2.8707995259007903
196,-1.626968,-3.697513,0.975891,0.01371186184833828,0.35792090044635927,2.0886432596752122,0.004071932168194792,-0.2406332589276996,2.7592914314515546,-0.0019060799588346278,-0.08564500721214885,2.8707995259007903
197,-2.275509,-3.733672,0.205689,0.019113146251387825,0.4414378749561425,2.0886432596752122,0.012366097460925207,-0.10770831811946047,2.7592914314515546,-0.007718377910265417,-0.16779284996700294,2.8707995259007903
198,-2.030356,-3.635112,-0.765187,0.017765388980746533,0.4205982743689243,2.0886432596752122,0.009326624092123481,-0.15641988864848066,2.7592914314515546,-0.006004063196508813,-0.14356366269635668,2.8707995259007903
199,-5.465103,1.409054,0.843679,0.0005761342083761001,0.1548106495114554,2.0886432596752122,0.010211620712122116,-0.14223665029031618,2.7592914314515546,-0.03378652205161581,-0.536225752706852,2.8707995259007903
200,-4.944526,2.233291,0.578678,-0.006261831870417289,0.04907908714845233,2.0886432596752122,0.013917565428889223,-0.0828439971746815,2.7592914314515546,-0.03472205559691455,-0.5494480725557809,2.8707995259007903
201,-5.793894,0.935492,0.012068,0.00634165438044576,0.2439595935986283,2.0886432596752122,0.009371839754896083,-0.15569524800225176,2.7592914314515546,-0.03446086286283734,-0.5457565171973012,2.8707995259007903
202,-5.602627,1.924664,-0.111944,-0.0016145049928431021,0.12093804724206558,2.0886432596752122,0.012440827642423269,-0.10651066837393097,2.7592914314515546,-0.03191134007708829,-0.5097229554883607,2.8707995259007903
